Título,URL actual (limpia),URL con categoría (antigua / indexada),Slug,Categoría,Fuente de la categoría,Todas las categorías,Keyword principal,Keywords secundarias,Clics,Impresiones,CTR,Posición,SEO score,Palabras,Publicado,Modificado,Estado
Discover the Top 3 Hikes in Cusco: Mountain trekking adventures,https://www.perugrandtravel.com/blog/the-top-3-hikes-in-cusco/,https://www.perugrandtravel.com/blog/cusco/the-top-3-hikes-in-cusco/,the-top-3-hikes-in-cusco,Cusco,URL indexada (GSC),cusco,Hikes in Cusco,,1,2254,0.000443655723158829,45.08,77,1303,2024-11-26,2024-12-27,publish
Discover Ceviche and Peru in 10 Days: ¡Savor the Journey of a Lifetime!,https://www.perugrandtravel.com/blog/ceviche-peru-in-10-days/,https://www.perugrandtravel.com/blog/peru/ceviche-peru-in-10-days/,ceviche-peru-in-10-days,Perú,URL indexada (GSC),"cusco, lima, peru, puno",Ceviche Peru,,1,985,0.00101522842639594,8,72,1104,2024-11-27,2024-11-29,publish
10 Amazing Places to Visit in Peru: A Perfect 15-Day Itinerary,https://www.perugrandtravel.com/blog/10-amazing-places-to-visit-in-peru/,https://www.perugrandtravel.com/blog/puno/10-amazing-places-to-visit-in-peru/,10-amazing-places-to-visit-in-peru,Puno,URL indexada (GSC),"cusco, puno",Inca Route,,1,766,0.00130548302872063,57.86,60,1402,2024-11-28,2025-12-17,publish
Best Things to Do in Cusco: Explore the Charm of the Inca Capital,https://www.perugrandtravel.com/blog/best-things-to-do-in-cusco/,https://www.perugrandtravel.com/blog/cusco/best-things-to-do-in-cusco/,best-things-to-do-in-cusco,Cusco,URL indexada (GSC),cusco,best things to do in cusco,,1,1205,0.000829875518672199,68.88,90,1213,2025-02-22,2025-05-30,publish
Is it Safe to Go to Peru?: Complete Guide for a Peaceful Trip,https://www.perugrandtravel.com/blog/is-it-safe-to-go-to-peru/,https://www.perugrandtravel.com/blog/peru/is-it-safe-to-go-to-peru/,is-it-safe-to-go-to-peru,Perú,URL indexada (GSC),peru,is it safe to go to peru,,1,9102,0.0001098659635245,40.56,84,1135,2025-02-28,2025-05-30,publish
Huayna Picchu: The Magical Mountain of the Incas,https://www.perugrandtravel.com/blog/huayna-picchu/,https://www.perugrandtravel.com/blog/cusco/huayna-picchu/,huayna-picchu,Cusco,URL indexada (GSC),cusco,huayna picchu,,1,2854,0.000350385423966363,49.43,89,1002,2025-05-09,2025-05-30,publish
"What to visit in Cusco in 2 Days: Quick, Complete Guide",https://www.perugrandtravel.com/blog/what-to-visit-in-cusco/,https://www.perugrandtravel.com/blog/cusco/what-to-visit-in-cusco/,what-to-visit-in-cusco,Cusco,URL indexada (GSC),cusco,what to visit in Cusco,,1,117,0.00854700854700855,17.79,84,1198,2025-07-19,2025-07-19,publish
Discover Peru’s Best Luxury Travel Experiences,https://www.perugrandtravel.com/blog/luxury-travel-experiences/,https://www.perugrandtravel.com/blog/luxury/luxury-travel-experiences/,luxury-travel-experiences,Luxury,URL indexada (GSC),luxury,luxury travel experiences,,1,263,0.00380228136882129,47.83,84,1267,2025-09-09,2025-09-09,publish
"Valentine’s Day Travel Ideas: Romantic Getaways, Experiences, and Easy Itineraries",https://www.perugrandtravel.com/blog/valentines-day-travel-ideas/,https://www.perugrandtravel.com/blog/peru/valentines-day-travel-ideas/,valentines-day-travel-ideas,Perú,URL indexada (GSC),peru,Valentine’s Day Travel Ideas,"valentine, Valentine’s trips",1,877,0.00114025085518814,9.72,83,3083,2026-01-05,2026-01-05,publish
The Temple of The Merced in Puno: Discover the Colonial Jewel of the Altiplano,https://www.perugrandtravel.com/blog/temple-of-the-merced-in-puno/,https://www.perugrandtravel.com/blog/puno/temple-of-the-merced-in-puno/,temple-of-the-merced-in-puno,Puno,URL indexada (GSC),puno,Temple of The Merced in Puno,,1,513,0.00194931773879142,8.51,88,1663,2026-01-27,2026-01-26,publish
"Luxury Hotels in Cusco, Peru: Where Elevated Travel Meets Andean Legacy",https://www.perugrandtravel.com/blog/luxury-hotels-in-cusco/,https://www.perugrandtravel.com/blog/cusco/luxury-hotels-in-cusco/,luxury-hotels-in-cusco,Cusco,URL indexada (GSC),cusco,Luxury Hotels in Cusco,"Luxury in Cusco, Luxury boutique hotels, Luxury",1,2705,0.000369685767097967,27.67,76,3286,2026-02-17,2026-02-17,publish
7 Magical Experiences for a Travel for Day Mom to Peru: The Ultimate Luxury Tribute,https://www.perugrandtravel.com/blog/travel-for-day-mom-to-peru/,https://www.perugrandtravel.com/blog/peru/travel-for-day-mom-to-peru/,travel-for-day-mom-to-peru,Perú,URL indexada (GSC),peru,Travel for Day Mom to Peru,,1,208,0.00480769230769231,13.4,88,1741,2026-02-20,2026-02-18,publish
10 Magical Family Packages to Lima: The Ultimate Guide to Peru’s Coastal Gem,https://www.perugrandtravel.com/blog/family-packages-to-lima/,https://www.perugrandtravel.com/blog/lima/family-packages-to-lima/,family-packages-to-lima,Lima,URL indexada (GSC),lima,Family Packages to Lima,,1,605,0.00165289256198347,10.91,91,1751,2026-02-23,2026-02-23,publish
Museums in Machu Picchu: A Guide to the Hidden History of the Inca Citadel 2026,https://www.perugrandtravel.com/blog/museums-in-machu-picchu/,https://www.perugrandtravel.com/blog/cusco/museums-in-machu-picchu/,museums-in-machu-picchu,Cusco,URL indexada (GSC),cusco,Museums in Machu Picchu,,1,2494,0.000400962309542903,6.28,90,1610,2026-02-24,2026-02-25,publish
"Trips Adventure for Holy Week in Peru 2026: Treks, Nature &amp; Spirit",https://www.perugrandtravel.com/blog/trips-adventure-for-holy-week/,https://www.perugrandtravel.com/blog/peru/trips-adventure-for-holy-week/,trips-adventure-for-holy-week,Perú,URL indexada (GSC),peru,Trips Adventure for Holy Week,,1,217,0.00460829493087558,7,88,1920,2026-02-27,2026-02-26,publish
Things to Do in Machu Picchu 2026: All The Experiences You Should Know About,https://www.perugrandtravel.com/blog/things-to-do-in-machu-picchu/,https://www.perugrandtravel.com/blog/cusco/things-to-do-in-machu-picchu/,things-to-do-in-machu-picchu,Cusco,URL indexada (GSC),cusco,Things to Do in Machu Picchu,,1,6115,0.000163532297628782,5.78,87,2002,2026-02-26,2026-02-26,publish
Peru Tours: The Ultimate Guide with 15 Luxury Experiences to Transform Your Journey in 2026,https://www.perugrandtravel.com/blog/peru-tours/,https://www.perugrandtravel.com/blog/peru/peru-tours/,peru-tours,Perú,URL indexada (GSC),peru,Peru Tours,,1,738,0.0013550135501355,58.25,90,2693,2026-03-11,2026-03-11,publish
ATV Tours in Cusco 2026: The Art of Combining Adrenaline and Sacred Landscapes,https://www.perugrandtravel.com/blog/atv-tours-in-cusco/,https://www.perugrandtravel.com/blog/cusco/atv-tours-in-cusco/,atv-tours-in-cusco,Cusco,URL indexada (GSC),cusco,ATV Tours in Cusco,,1,159,0.00628930817610063,12.54,87,3216,2026-03-25,2026-04-14,publish
"The Best Time of Year to Visit Peru: A Strategic Guide to Seasons, Culture, and Experience",https://www.perugrandtravel.com/blog/the-best-time-of-year-to-visit-peru/,https://www.perugrandtravel.com/blog/peru/the-best-time-of-year-to-visit-peru/,the-best-time-of-year-to-visit-peru,Perú,URL indexada (GSC),peru,The Best Time of Year to Visit Peru,"the best time to visit Peru, the best time to visit Machu Picchu, the best time to visit, The Best Time",1,828,0.00120772946859903,23.32,81,4879,2026-03-27,2026-03-27,publish
10 Incredible Discoveries About Things to Do in Ollantaytambo: The Ultimate Guide to the Living Inca City,https://www.perugrandtravel.com/blog/things-to-do-in-ollantaytambo/,https://www.perugrandtravel.com/blog/cusco/things-to-do-in-ollantaytambo/,things-to-do-in-ollantaytambo,Cusco,URL indexada (GSC),cusco,Things to Do in Ollantaytambo,,1,157,0.00636942675159236,27.15,90,2837,2026-04-08,2026-04-08,publish
Andean Art: 7 Dazzling Secrets of Peru's Cultural Soul,https://www.perugrandtravel.com/blog/andean-art/,https://www.perugrandtravel.com/blog/peru/andean-art/,andean-art,Perú,URL indexada (GSC),"cusco, peru",Andean Art,,1,515,0.00194174757281553,13.16,90,1906,2026-04-10,2026-04-11,publish
Vinicunca Elevation: 5 Secrets to Conquer the Rainbow Mountain Without Losing Your Breath,https://www.perugrandtravel.com/blog/vinicunca-elevation/,https://www.perugrandtravel.com/blog/cusco/vinicunca-elevation/,vinicunca-elevation,Cusco,URL indexada (GSC),cusco,Vinicunca Elevation,,1,198,0.00505050505050505,15.24,87,1378,2026-04-16,2026-04-15,publish
Inca Trail Sold Out? 5 Epic Alternatives When Permits Are Gone,https://www.perugrandtravel.com/blog/inca-trail-sold-out/,https://www.perugrandtravel.com/blog/cusco/inca-trail-sold-out/,inca-trail-sold-out,Cusco,URL indexada (GSC),cusco,Inca Trail Sold Out,,1,81,0.0123456790123457,15.77,89,1777,2026-04-23,2026-04-23,publish
7 Traditional Dances of Peru You Need to Experience in 2026: A Cultural Privilege,https://www.perugrandtravel.com/blog/traditional-dances-of-peru/,https://www.perugrandtravel.com/blog/peru/traditional-dances-of-peru/,traditional-dances-of-peru,Perú,URL indexada (GSC),peru,Traditional Dances of Peru,,1,1137,0.000879507475813545,18.56,86,2532,2026-04-27,2026-04-27,publish
Peru in May 2026: 7 Secrets of the Andes' Golden Month,https://www.perugrandtravel.com/blog/peru-in-may/,https://www.perugrandtravel.com/blog/peru/peru-in-may/,peru-in-may,Perú,URL indexada (GSC),peru,Peru in May,,1,313,0.00319488817891374,11.21,87,1436,2026-04-28,2026-04-28,publish
10 Fascinating Museums in Lima: The Sophisticated Traveler’s Cultural Oasis,https://www.perugrandtravel.com/blog/best-museums-in-lima/,https://www.perugrandtravel.com/blog/lima/best-museums-in-lima/,best-museums-in-lima,Lima,URL indexada (GSC),lima,Museums in Lima,,1,238,0.00420168067226891,30.56,90,2368,2026-04-30,2026-04-30,publish
7 Breathtaking Secrets of the Terraces of Moray: The Incan Agricultural Masterpiece,https://www.perugrandtravel.com/blog/terraces-of-moray/,https://www.perugrandtravel.com/blog/cusco/terraces-of-moray/,terraces-of-moray,Cusco,URL indexada (GSC),cusco,Terraces of Moray,,1,64,0.015625,27.86,90,1714,2026-05-15,2026-05-15,publish
The Hidden Gems of the Sacred Valley,https://www.perugrandtravel.com/blog/hidden-gems-of-the-sacred-valley/,https://www.perugrandtravel.com/blog/cusco/hidden-gems-of-the-sacred-valley/,hidden-gems-of-the-sacred-valley,Cusco,URL indexada (GSC),cusco,hidden gems of the Sacred Valley,"sacred valley hidden gems, Sacred Valley ruins, Sacred Valley waterfalls, Secret places in the Sacred Valley",1,46,0.0217391304347826,14.8,88,2391,2026-06-07,2026-06-06,publish
The 15 Best Things to Do in the Sacred Valley,https://www.perugrandtravel.com/blog/things-to-do-in-the-sacred-valley/,https://www.perugrandtravel.com/blog/cusco/things-to-do-in-the-sacred-valley/,things-to-do-in-the-sacred-valley,Cusco,URL indexada (GSC),cusco,Best Things to Do In The Sacred Valley,"things to do in sacred valley peru, sacred valley peru, maras salt flats peru, cusco to ollantaytambo",1,251,0.00398406374501992,62.23,83,3330,2026-06-08,2026-06-13,publish
Cusco vs Sacred Valley: The Best Place to Acclimate in Peru,https://www.perugrandtravel.com/blog/cusco-vs-sacred-valley-altitude/,https://www.perugrandtravel.com/blog/cusco/cusco-vs-sacred-valley-altitude/,cusco-vs-sacred-valley-altitude,Cusco,URL indexada (GSC),cusco,Cusco vs Sacred Valley,"best place to acclimate in Peru, Cusco altitude sickness, high altitude travel Peru, altitude in Cusco",1,431,0.00232018561484919,28.59,87,2751,2026-06-13,2026-06-12,publish
Inca Trail vs Sacred Valley Treks: Which Peru Hike Is Right for You?,https://www.perugrandtravel.com/blog/inca-trail-vs-sacred-valley-treks/,https://www.perugrandtravel.com/blog/cusco/inca-trail-vs-sacred-valley-treks/,inca-trail-vs-sacred-valley-treks,Cusco,URL indexada (GSC),cusco,Inca Trail vs Sacred Valley Treks,"Inca Trail trek Peru, best trek in Peru, alternative Inca Trail., best trek to Machu Picchu",1,42,0.0238095238095238,26.57,84,2367,2026-06-14,2026-06-13,publish
Humantay Lake Hike: Everything You Need to Know About This Epic Day Hike for 2026,https://www.perugrandtravel.com/blog/humantay-lake-hike-2026/,https://www.perugrandtravel.com/blog/cusco/humantay-lake-hike-2026/,humantay-lake-hike-2026,Cusco,URL indexada (GSC),cusco,Humantay Lake hike,"Humantay Lake Peru, Humantay Lake tour, Humantay Lake from Cusco, Humantay lagoon Peru",1,18,0.0555555555555556,34.5,87,1852,2026-06-21,2026-06-21,publish
The most beautiful treks to Machu Picchu,https://www.perugrandtravel.com/blog/treks-to-machu-picchu/,https://www.perugrandtravel.com/blog/cusco/treks-to-machu-picchu/,treks-to-machu-picchu,Cusco,URL indexada (GSC),cusco,treks to Machu Picchu,,0,845,0,73.16,31,812,2023-05-11,2026-04-23,publish
Inca Trail vs. Salkantay: Which is the more spectacular trekking route?,https://www.perugrandtravel.com/blog/inca-trail-vs-salkantay/,https://www.perugrandtravel.com/blog/cusco/inca-trail-vs-salkantay/,inca-trail-vs-salkantay,Cusco,URL indexada (GSC),cusco,inca trail,,0,248,0,77.45,76,335,2023-05-30,2024-09-28,publish
Salkantay Mountain: Embark on an adventure in the Nevado de los Andes,https://www.perugrandtravel.com/blog/salkantay-mountain/,https://www.perugrandtravel.com/blog/cusco/salkantay-mountain/,salkantay-mountain,Cusco,URL indexada (GSC),cusco,salkantay mountain,,0,445,0,35.92,81,1232,2023-07-20,2024-09-30,publish
When is the best time to do the Salkantay Trek?,https://www.perugrandtravel.com/blog/when-is-the-best-time-to-do-the-salkantay-trek/,https://www.perugrandtravel.com/blog/cusco/when-is-the-best-time-to-do-the-salkantay-trek/,when-is-the-best-time-to-do-the-salkantay-trek,Cusco,URL indexada (GSC),cusco,Salkantay Trek,best time to do Salkantay Trek,0,1022,0,24,72,1150,2023-08-02,2024-09-28,publish
Luxury Travel Peru: Why the Best Luxury Holidays Peru Are All About The Experience,https://www.perugrandtravel.com/blog/luxury-travel-peru/,https://www.perugrandtravel.com/blog/peru/luxury-travel-peru/,luxury-travel-peru,Perú,URL indexada (GSC),peru,Luxury travel Peru,"Luxury trips to Peru, Luxury Peru tours, Peru luxury vacation packages, Luxury vacations Peru",0,578,0,50.82,78,1726,2026-07-03,2026-07-03,draft
Family Trip to Peru: Discover the Best Tourist Places,https://www.perugrandtravel.com/blog/family-trip-to-peru/,https://www.perugrandtravel.com/blog/cusco/family-trip-to-peru/,family-trip-to-peru,Cusco,URL indexada (GSC),"cusco, puno",trip to Peru,,0,434,0,67.64,65,1878,2023-08-16,2024-09-30,publish
Climate in Peru: Discover the Best Time to Travel,https://www.perugrandtravel.com/blog/climate-in-peru-best-time-to-travel/,https://www.perugrandtravel.com/blog/amazonia/climate-in-peru-best-time-to-travel/,climate-in-peru-best-time-to-travel,Amazonia,URL indexada (GSC),"amazonia, cusco, paracas",climate in Peru,,0,6674,0,49.39,70,2331,2023-08-22,2024-09-30,publish
Top 7 tourist attractions in Cusco not to be missed,https://www.perugrandtravel.com/blog/cusco-tourist-attractions/,https://www.perugrandtravel.com/blog/cusco/cusco-tourist-attractions/,cusco-tourist-attractions,Cusco,URL indexada (GSC),cusco,attractions,cusco,0,1365,0,64.26,76,1013,2023-10-10,2024-09-28,publish
What is the best time to travel to Peru - Machu Picchu?,https://www.perugrandtravel.com/blog/what-is-the-best-time-to-travel-to-peru-machu-picchu/,https://www.perugrandtravel.com/blog/cusco/what-is-the-best-time-to-travel-to-peru-machu-picchu/,what-is-the-best-time-to-travel-to-peru-machu-picchu,Cusco,URL indexada (GSC),cusco,best time to travel to peru,,0,10711,0,80.86,71,1226,2023-10-19,2024-09-28,publish
"Top 20 best things to do in Cusco, Peru",https://www.perugrandtravel.com/blog/things-to-do-in-cusco/,https://www.perugrandtravel.com/blog/cusco/things-to-do-in-cusco/,things-to-do-in-cusco,Cusco,URL indexada (GSC),cusco,things to do in Cusco,,0,186,0,54.56,80,1721,2023-10-23,2024-09-30,publish
10 tips for traveling to Peru and enjoying the perfect trip,https://www.perugrandtravel.com/blog/tips-for-traveling-to-peru/,https://www.perugrandtravel.com/blog/lima/tips-for-traveling-to-peru/,tips-for-traveling-to-peru,Lima,URL indexada (GSC),lima,tips for traveling to Peru,,0,509,0,69.45,69,1208,2023-12-05,2024-09-30,publish
7 Interesting Facts About Machu Picchu You Probably Didn't Know,https://www.perugrandtravel.com/blog/interesting-facts-about-machu-picchu/,https://www.perugrandtravel.com/blog/cusco/interesting-facts-about-machu-picchu/,interesting-facts-about-machu-picchu,Cusco,URL indexada (GSC),cusco,Facts About Machu Picchu,,0,1127,0,30.26,79,1300,2023-12-05,2026-02-23,publish
The best beaches in Lima: Summer 2024,https://www.perugrandtravel.com/blog/beaches-in-lima/,https://www.perugrandtravel.com/blog/lima/beaches-in-lima/,beaches-in-lima,Lima,URL indexada (GSC),lima,beaches,beaches in lima,0,3345,0,42.18,80,554,2024-03-12,2024-09-30,publish
Adventure in Ica: Buggy & Nazca Lines,https://www.perugrandtravel.com/blog/adventure-in-ica/,https://www.perugrandtravel.com/blog/ica/adventure-in-ica/,adventure-in-ica,Ica,Inferida (primera categoría),ica,ica,aventura in ica,,,,,84,1738,2024-03-20,2024-09-30,publish
Peru honeymoon: discover 5 routes to enjoy in a couple,https://www.perugrandtravel.com/blog/peru-honeymoon/,https://www.perugrandtravel.com/blog/lima/peru-honeymoon/,peru-honeymoon,Lima,URL indexada (GSC),"amazonia, cusco, lima, paracas",peru honeymoon,,0,1589,0,40.73,81,3066,2024-03-21,2024-09-30,publish
Tourist Attractions in Cusco You Shouldn't Miss,https://www.perugrandtravel.com/blog/cusco-tourist-places/,https://www.perugrandtravel.com/blog/cusco/cusco-tourist-places/,cusco-tourist-places,Cusco,URL indexada (GSC),cusco,Cusco,"Tourist, Places",0,1670,0,52.64,78,1514,2024-05-09,2024-09-30,publish
Travel Guide to Laguna Humantay: Discover a natural treasure in the peruvian andes,https://www.perugrandtravel.com/blog/travel-guide-laguna-humantay/,https://www.perugrandtravel.com/blog/cusco/travel-guide-laguna-humantay/,travel-guide-laguna-humantay,Cusco,URL indexada (GSC),cusco,travel guide to humantay lagoon,travel guide to get to humantay lagoon,0,406,0,23.29,15,1500,2024-07-24,2024-07-24,publish
Discover the natural wonders: Humantay Lagoon vs Rainbow Mountain,https://www.perugrandtravel.com/blog/humantay-lagoon-rainbow-mountain/,https://www.perugrandtravel.com/blog/cusco/humantay-lagoon-rainbow-mountain/,humantay-lagoon-rainbow-mountain,Cusco,URL indexada (GSC),cusco,Humantay Lagoon vs Rainbow Mountain,Humantay Lagoon or Rainbow Mountain,0,296,0,27.67,65,1400,2024-07-25,2024-07-25,publish
Nazca Lines Tours: Discover the Mysteries and Wonders,https://www.perugrandtravel.com/blog/nazca-lines-tours/,https://www.perugrandtravel.com/blog/nazca/nazca-lines-tours/,nazca-lines-tours,Nazca,URL indexada (GSC),nazca,nazca lines tours,,0,784,0,46.27,63,1338,2024-08-20,2024-12-10,publish
Discover Peruvian Pisco from Ica: The Spirit of an Ancestral Tradition,https://www.perugrandtravel.com/blog/peruvian-pisco-from-ica/,https://www.perugrandtravel.com/blog/ica/peruvian-pisco-from-ica/,peruvian-pisco-from-ica,Ica,Rank Math (categoría principal),ica,peruvian pisco,,,,,,74,1651,2024-08-21,2024-08-21,publish
"Family Tourism in Nazca, Paracas, and Ica: An Unforgettable Journey for All Ages",https://www.perugrandtravel.com/blog/family-tourism-in-nazca-paracas-ica/,https://www.perugrandtravel.com/blog/ica/family-tourism-in-nazca-paracas-ica/,family-tourism-in-nazca-paracas-ica,Ica,URL indexada (GSC),"ica, nazca, paracas",ica,"paracas, nazca",0,307,0,13.64,73,1483,2024-08-22,2024-08-21,publish
Family Packages to Cusco: The Perfect Adventure for Everyone,https://www.perugrandtravel.com/blog/family-packages-to-cusco/,https://www.perugrandtravel.com/blog/cusco/family-packages-to-cusco/,family-packages-to-cusco,Cusco,URL indexada (GSC),cusco,family packages to cusco,,0,211,0,26.82,70,2557,2024-08-28,2024-12-19,publish
Hidden Places in Cusco: Discover the secret spots of the inca capital,https://www.perugrandtravel.com/blog/hidden-places-in-cusco/,https://www.perugrandtravel.com/blog/cusco/hidden-places-in-cusco/,hidden-places-in-cusco,Cusco,Rank Math (categoría principal),cusco,hidden places in cusco,,,,,,73,1246,2024-08-30,2024-08-31,publish
BTC - Cusco Tourist Ticket: Everything You Need to Know,https://www.perugrandtravel.com/blog/cusco-tourist-ticket/,https://www.perugrandtravel.com/blog/cusco/cusco-tourist-ticket/,cusco-tourist-ticket,Cusco,URL indexada (GSC),cusco,Cusco Tourist Ticket,,0,189,0,25.82,83,1560,2024-09-05,2026-01-28,publish
Discover The best day tours in Cusco,https://www.perugrandtravel.com/blog/day-tours-in-cusco/,https://www.perugrandtravel.com/blog/cusco/day-tours-in-cusco/,day-tours-in-cusco,Cusco,URL indexada (GSC),cusco,day tours in Cusco,,0,962,0,59.61,81,1417,2024-09-27,2026-02-09,publish
Declaration of Cultural Heritage of the Nation for the Pilgrimage to the Sanctuary of the Lord of Pampacucho,https://www.perugrandtravel.com/blog/sanctuary-of-the-lord-of-pampacucho/,https://www.perugrandtravel.com/blog/cusco/sanctuary-of-the-lord-of-pampacucho/,sanctuary-of-the-lord-of-pampacucho,Cusco,URL indexada (GSC),cusco,Lord of Pampacucho,,0,950,0,14.53,74,1612,2024-09-10,2024-09-12,publish
2 Weeks in Peru: The Classic Itinerary for a Complete Experience,https://www.perugrandtravel.com/blog/2-weeks-in-peru/,https://www.perugrandtravel.com/blog/cusco/2-weeks-in-peru/,2-weeks-in-peru,Cusco,URL indexada (GSC),"cusco, ica, lima, puerto-maldonado",2 weeks in Peru,,0,4233,0,61.12,68,1514,2024-09-13,2024-09-13,publish
Museums in Cusco: The Complete Guide to Culture &amp; History  | 2026,https://www.perugrandtravel.com/blog/museums-in-cusco/,https://www.perugrandtravel.com/blog/cusco/museums-in-cusco/,museums-in-cusco,Cusco,URL indexada (GSC),cusco,Museums in Cusco,,0,1811,0,22.37,90,3348,2024-09-17,2026-05-23,publish
What to See in Peru in 7 Days: The perfect itinerary for your short vacation,https://www.perugrandtravel.com/blog/7-days-in-peru/,https://www.perugrandtravel.com/blog/cusco/7-days-in-peru/,7-days-in-peru,Cusco,URL indexada (GSC),"cusco, lima",7 days In peru,,0,978,0,66.23,67,1561,2024-09-20,2024-12-10,publish
Find out how to have the best 4 days in Cusco,https://www.perugrandtravel.com/blog/find-out-how-to-have-the-best-4-days-in-cusco/,https://www.perugrandtravel.com/blog/cusco/find-out-how-to-have-the-best-4-days-in-cusco/,find-out-how-to-have-the-best-4-days-in-cusco,Cusco,URL indexada (GSC),cusco,4 days in Cusco,,0,324,0,16.7,63,1443,2024-10-30,2024-12-16,publish
"Lima, Cusco, and Machu Picchu: Tour packages for a complete experience",https://www.perugrandtravel.com/blog/lima-cusco-and-machu-picchu/,https://www.perugrandtravel.com/blog/lima/lima-cusco-and-machu-picchu/,lima-cusco-and-machu-picchu,Lima,URL indexada (GSC),"cusco, lima",Lima Cusco and Machu Picchu,,0,805,0,71.21,77,1657,2024-11-07,2024-11-08,publish
Live the Adventure at Machu Picchu and Humantay Lake on a 6-Day Unforgettable Discovery,https://www.perugrandtravel.com/blog/adventure-at-machu-picchu-humantay-lake-on-a-6-day/,https://www.perugrandtravel.com/blog/cusco/adventure-at-machu-picchu-humantay-lake-on-a-6-day/,adventure-at-machu-picchu-humantay-lake-on-a-6-day,Cusco,URL indexada (GSC),cusco,Machu Picchu Humantay Lake,,0,149,0,37.87,71,2552,2024-11-08,2024-11-08,publish
Traveling with Family: Tour Packages for Enjoying Peru and Machu Picchu with Kids,https://www.perugrandtravel.com/blog/tourist-packages-to-enjoy-with-children-for-a-trip-to-peru-machu-picchu/,https://www.perugrandtravel.com/blog/peru/tourist-packages-to-enjoy-with-children-for-a-trip-to-peru-machu-picchu/,tourist-packages-to-enjoy-with-children-for-a-trip-to-peru-machu-picchu,Perú,URL indexada (GSC),"cusco, lima, peru",trip to peru machu picchu,,0,1246,0,65.28,61,1389,2024-11-09,2026-02-17,publish
What to Visit on the Inca Adventure Route: An 8-day journey through the andean highlands,https://www.perugrandtravel.com/blog/what-to-visit-on-the-inca-adventure-route-in-8-days/,https://www.perugrandtravel.com/blog/cusco/what-to-visit-on-the-inca-adventure-route-in-8-days/,what-to-visit-on-the-inca-adventure-route-in-8-days,Cusco,URL indexada (GSC),"cusco, puno",Inca Adventure,,0,213,0,18.09,77,2651,2024-11-12,2024-11-15,publish
Traveling to Machu Picchu with Tour Packages: Unique routes and experiences,https://www.perugrandtravel.com/blog/traveling-to-machu-picchu-with-tour-packages/,https://www.perugrandtravel.com/blog/cusco/traveling-to-machu-picchu-with-tour-packages/,traveling-to-machu-picchu-with-tour-packages,Cusco,Rank Math (categoría principal),"cusco, salkantay",Traveling to Machu Picchu,,,,,,70,2179,2024-11-16,2024-11-16,publish
What to visit in Peru one week itinerary,https://www.perugrandtravel.com/blog/visits-to-peru-one-week-itinerary/,https://www.perugrandtravel.com/blog/cusco/visits-to-peru-one-week-itinerary/,visits-to-peru-one-week-itinerary,Cusco,URL indexada (GSC),"cusco, lima",peru one week itinerary,,0,4637,0,59.93,84,2893,2025-01-30,2025-02-08,publish
Vacation to Machu Picchu: Discover the Best Here!,https://www.perugrandtravel.com/blog/vacation-to-machu-picchu/,https://www.perugrandtravel.com/blog/cusco/vacation-to-machu-picchu/,vacation-to-machu-picchu,Cusco,URL indexada (GSC),cusco,vacation to machu picchu,,0,192,0,52.34,86,923,2025-05-05,2025-05-30,publish
Where is Machu Picchu? Quick Guide to Its Location,https://www.perugrandtravel.com/blog/where-is-machu-picchu-guide/,https://www.perugrandtravel.com/blog/cusco/where-is-machu-picchu-guide/,where-is-machu-picchu-guide,Cusco,URL indexada (GSC),cusco,where is machu picchu,,0,3122,0,50.76,83,1271,2025-06-20,2025-06-20,publish
Luxury Peru Vacations: Top 3 Destinations to See,https://www.perugrandtravel.com/blog/luxury-peru-vacations/,https://www.perugrandtravel.com/blog/luxury/luxury-peru-vacations/,luxury-peru-vacations,Luxury,URL indexada (GSC),luxury,luxury peru vacations,,0,3811,0,58.4,84,937,2025-08-12,2025-08-12,publish
Places to visit in Cusco for your next trip,https://www.perugrandtravel.com/blog/places-to-visit-in-cusco/,https://www.perugrandtravel.com/blog/cusco/places-to-visit-in-cusco/,places-to-visit-in-cusco,Cusco,URL indexada (GSC),cusco,Places to visit in Cusco,,0,549,0,25.61,85,1943,2025-09-08,2026-05-18,publish
"Weather in Cusco: When to Visit, Temperatures, and Travel Tips",https://www.perugrandtravel.com/blog/weather-in-cusco/,https://www.perugrandtravel.com/blog/cusco/weather-in-cusco/,weather-in-cusco,Cusco,URL indexada (GSC),cusco,weather in Cusco,,0,623,0,20,83,1821,2025-10-16,2025-10-17,publish
How to Plan a Trip to Machu Picchu?,https://www.perugrandtravel.com/blog/plan-a-trip-to-machu-picchu/,https://www.perugrandtravel.com/blog/cusco/plan-a-trip-to-machu-picchu/,plan-a-trip-to-machu-picchu,Cusco,URL indexada (GSC),cusco,Plan a Trip to Machu Picchu,,0,733,0,20.56,87,3682,2025-11-27,2025-11-27,publish
Where to Buy Peruvian Pisco: A Local Guide,https://www.perugrandtravel.com/blog/where-to-buy-peruvian-pisco-2027/,https://www.perugrandtravel.com/blog/peru/where-to-buy-peruvian-pisco-2027/,where-to-buy-peruvian-pisco-2027,Perú,Rank Math (categoría principal),peru,Where to Buy Peruvian Pisco,,,,,,87,2706,2026-01-13,2026-08-18,publish
7 Mystical Secrets of the Church of Saint Anthony of Padua: A Puno Masterpiece,https://www.perugrandtravel.com/blog/church-of-saint-anthony-of-padua/,https://www.perugrandtravel.com/blog/puno/church-of-saint-anthony-of-padua/,church-of-saint-anthony-of-padua,Puno,URL indexada (GSC),puno,Church of Saint Anthony of Padua,,0,309,0,8.19,91,1520,2026-01-28,2026-01-27,publish
San Juan de Letrán Church in Puno: Local Faith and Cultural Identity,https://www.perugrandtravel.com/blog/san-juan-de-letran-church/,https://www.perugrandtravel.com/blog/puno/san-juan-de-letran-church/,san-juan-de-letran-church,Puno,URL indexada (GSC),puno,San Juan de Letrán Church,,0,1239,0,7.27,86,1824,2026-01-29,2026-01-29,publish
7 Extraordinary Reasons to Celebrate Craftsman's Day in Peru: A Masterclass in Living Heritage,https://www.perugrandtravel.com/blog/craftsmans-day/,https://www.perugrandtravel.com/blog/peru/craftsmans-day/,craftsmans-day,Perú,URL indexada (GSC),peru,Craftsman's Day,,0,371,0,11.15,91,1954,2026-02-04,2026-02-04,publish
Luxury Hotels in Peru: Where Elevated Travel Transforms the Way You Experience the Country,https://www.perugrandtravel.com/blog/luxury-hotels-in-peru/,https://www.perugrandtravel.com/blog/peru/luxury-hotels-in-peru/,luxury-hotels-in-peru,Perú,URL indexada (GSC),peru,Luxury Hotels in Peru,Luxury Hotels,0,984,0,28.56,85,2866,2026-02-19,2026-02-19,publish
Adventure Trip for Moms in Peru: A Step-by-Step Guide to Living a Meaningful Experience Together,https://www.perugrandtravel.com/blog/adventure-trip-for-moms/,https://www.perugrandtravel.com/blog/peru/adventure-trip-for-moms/,adventure-trip-for-moms,Perú,Rank Math (categoría principal),peru,Adventure Trip for Moms,"Trip for Mom, trip for a mom, Traveling with Mom, mom",,,,,84,2046,2026-02-27,2026-02-27,publish
Is There Snow in Peru? Does It Snow at Machu Picchu? All You Need to Know For Snow in the Andes in 2027,https://www.perugrandtravel.com/blog/is-there-snow-in-peru/,https://www.perugrandtravel.com/blog/peru/is-there-snow-in-peru/,is-there-snow-in-peru,Perú,Rank Math (categoría principal),peru,Is there snow in Peru,"Does it snow at Machu Picchu, Ausangate snow, tropical glaciers Peru, ski resorts in Peru",,,,,85,2229,2026-03-05,2026-08-17,publish
Lake Humantay Tour 2026: The Ultimate Guide to Cusco’s Turquoise Jewel,https://www.perugrandtravel.com/blog/lake-humantay/,https://www.perugrandtravel.com/blog/cusco/lake-humantay/,lake-humantay,Cusco,URL indexada (GSC),cusco,Lake Humantay,,0,232,0,9.5,91,1971,2026-03-06,2026-03-05,publish
7 Royal Secrets about Peru Lima Packages that will Transform Your Trip in 2026,https://www.perugrandtravel.com/blog/peru-lima-packages/,https://www.perugrandtravel.com/blog/peru/peru-lima-packages/,peru-lima-packages,Perú,Rank Math (categoría principal),peru,Peru Lima Packages,,,,,,88,2512,2026-03-16,2026-03-16,publish
Discover the Ayacucho Museum in Peru: A Cultural Journey Through History and Identity,https://www.perugrandtravel.com/blog/ayacucho-museum/,https://www.perugrandtravel.com/blog/peru/ayacucho-museum/,ayacucho-museum,Perú,Rank Math (categoría principal),peru,Ayacucho Museum,,,,,,72,3177,2026-03-23,2026-03-23,publish
Why Travel to Peru in 2026? 7 Irresistible Reasons,https://www.perugrandtravel.com/blog/why-travel-to-peru/,https://www.perugrandtravel.com/blog/peru/why-travel-to-peru/,why-travel-to-peru,Perú,URL indexada (GSC),peru,Why Travel to Peru,,0,336,0,8.24,87,2085,2026-03-24,2026-03-23,publish
Huayna Picchu vs. Machu Picchu Mountain: which one to choose and why it changes the way you see Machu Picchu,https://www.perugrandtravel.com/blog/huayna-picchu-vs-machu-picchu-mountain/,https://www.perugrandtravel.com/blog/cusco/huayna-picchu-vs-machu-picchu-mountain/,huayna-picchu-vs-machu-picchu-mountain,Cusco,URL indexada (GSC),cusco,Huayna Picchu vs. Machu Picchu Mountain,"circuit, climb",0,173,0,21.76,82,2502,2026-03-24,2026-03-24,publish
Maras and Moray 2026: The 7 Secrets of the White Salt and the Green Inca Circles,https://www.perugrandtravel.com/blog/maras-and-moray/,https://www.perugrandtravel.com/blog/cusco/maras-and-moray/,maras-and-moray,Cusco,Rank Math (categoría principal),cusco,Maras and Moray,,,,,,91,2230,2026-03-26,2026-03-26,publish
"Ausangate Snow: A Real Guide to Understanding, Trekking, and Experiencing Peru’s Most Sacred Mountain",https://www.perugrandtravel.com/blog/ausangate-snow/,https://www.perugrandtravel.com/blog/cusco/ausangate-snow/,ausangate-snow,Cusco,Rank Math (categoría principal),cusco,Ausangate Snow,ausangate,,,,,84,4069,2026-03-25,2026-03-26,publish
7 Mistakes to Avoid on a Trip to Machu Picchu: How to Ensure a Perfect Journey,https://www.perugrandtravel.com/blog/mistakes-to-avoid-on-a-trip-to-machu-picchu/,https://www.perugrandtravel.com/blog/cusco/mistakes-to-avoid-on-a-trip-to-machu-picchu/,mistakes-to-avoid-on-a-trip-to-machu-picchu,Cusco,Rank Math (categoría principal),cusco,Mistakes to Avoid on a Trip to Machu Picchu,,,,,,81,2232,2026-03-31,2026-04-14,publish
Hotel in Downtown Cusco: How to Choose the Right Stay in the Historic Heart of the Andes,https://www.perugrandtravel.com/blog/hotel-in-downtown-cusco/,https://www.perugrandtravel.com/blog/cusco/hotel-in-downtown-cusco/,hotel-in-downtown-cusco,Cusco,URL indexada (GSC),cusco,Hotel in Downtown Cusco,downtown Cusco,0,161,0,19.96,81,4110,2026-04-04,2026-04-14,publish
7 Travel Planning Tips for Machu Picchu 2026: The Ultimate Guide for a Flawless Adventure,https://www.perugrandtravel.com/blog/travel-planning-tips-for-machu-picchu/,https://www.perugrandtravel.com/blog/cusco/travel-planning-tips-for-machu-picchu/,travel-planning-tips-for-machu-picchu,Cusco,URL indexada (GSC),cusco,Travel Planning Tips for Machu Picchu,Travel Tips for Machu Picchu,0,160,0,11.62,84,1931,2026-04-06,2026-04-06,publish
7 Powerful Benefits of Llama Therapy: The Mystical Healing You Can Only Find in the Andes,https://www.perugrandtravel.com/blog/llama-therapy-in-peru/,https://www.perugrandtravel.com/blog/peru/llama-therapy-in-peru/,llama-therapy-in-peru,Perú,URL indexada (GSC),"cusco, peru",Llama Therapy,,0,264,0,12.03,90,2319,2026-04-07,2026-04-07,publish
What is the best Machu Picchu itinerary?,https://www.perugrandtravel.com/blog/machu-picchu-itinerary/,https://www.perugrandtravel.com/blog/cusco/machu-picchu-itinerary/,machu-picchu-itinerary,Cusco,Rank Math (categoría principal),cusco,Machu Picchu itinerary,,,,,,84,3362,2026-04-08,2026-04-14,publish
Food in Cusco: The Sophisticated Guide to the 15 Flavors of the Inca Empire,https://www.perugrandtravel.com/blog/food-in-cusco/,https://www.perugrandtravel.com/blog/cusco/food-in-cusco/,food-in-cusco,Cusco,URL indexada (GSC),cusco,food in cusco,,0,237,0,19.9,90,2702,2026-04-14,2026-04-13,publish
Discover Unique Local Experiences in the Sacred Valley,https://www.perugrandtravel.com/blog/local-experiences-in-the-sacred-valley/,https://www.perugrandtravel.com/blog/cusco/local-experiences-in-the-sacred-valley/,local-experiences-in-the-sacred-valley,Cusco,Rank Math (categoría principal),cusco,Local Experiences in the Sacred Valley,,,,,,82,5214,2026-04-23,2026-04-23,publish
Peru in June 2026: 7 Secrets for the Ultimate Winter Escape,https://www.perugrandtravel.com/blog/peru-in-june/,https://www.perugrandtravel.com/blog/peru/peru-in-june/,peru-in-june,Perú,URL indexada (GSC),peru,Peru in June,,0,350,0,10.53,90,1581,2026-04-24,2026-04-23,publish
ATV Tours Peru 2026: The Ultimate Guide to Off-Roading the Andes and the Pacific Coast,https://www.perugrandtravel.com/blog/atv-tours-peru/,https://www.perugrandtravel.com/blog/peru/atv-tours-peru/,atv-tours-peru,Perú,URL indexada (GSC),peru,ATV Tours Peru,,0,266,0,10.8,87,3105,2026-04-25,2026-04-25,publish
Is Peru Safe? 10 Essential Truths for an Unforgettable and Secure 2026 Journey,https://www.perugrandtravel.com/blog/is-peru-safe/,https://www.perugrandtravel.com/blog/peru/is-peru-safe/,is-peru-safe,Perú,Rank Math (categoría principal),peru,Is Peru Safe,,,,,,90,2766,2026-05-07,2026-05-07,publish
"7 Mystical Experiences on the Day of the Pachamama: Rituals, Magic, and Connection in the Peruvian Andes",https://www.perugrandtravel.com/blog/day-of-the-pachamama/,https://www.perugrandtravel.com/blog/peru/day-of-the-pachamama/,day-of-the-pachamama,Perú,Rank Math (categoría principal),peru,Day of the Pachamama,,,,,,88,1807,2026-05-08,2026-05-07,publish
7 Soulful Secrets Behind the Sacred Art of the Chinchero Communities,https://www.perugrandtravel.com/blog/art-of-the-chinchero-communities/,https://www.perugrandtravel.com/blog/cusco/art-of-the-chinchero-communities/,art-of-the-chinchero-communities,Cusco,Rank Math (categoría principal),cusco,art of the Chinchero communities,,,,,,90,1595,2026-05-11,2026-05-11,publish
7 Fascinating Secrets of Alpaca Wool Processing in the High Andes,https://www.perugrandtravel.com/blog/alpaca-wool-processing/,https://www.perugrandtravel.com/blog/cusco/alpaca-wool-processing/,alpaca-wool-processing,Cusco,Rank Math (categoría principal),cusco,alpaca wool processing,,,,,,89,1368,2026-05-13,2026-05-13,publish
5 Secrets of the Q'eswachaka Bridge: Crossing the Last Inca Bridge,https://www.perugrandtravel.com/blog/qeswachaka-bridge/,https://www.perugrandtravel.com/blog/cusco/qeswachaka-bridge/,qeswachaka-bridge,Cusco,Rank Math (categoría principal),cusco,Q'eswachaka bridge,,,,,,89,1768,2026-05-18,2026-05-18,publish
7 Forgotten Wonders of the Inca Quarries of Cachiccata: The Ultimate Luxury Trekking Guide,https://www.perugrandtravel.com/blog/inca-quarries-of-cachiccata/,https://www.perugrandtravel.com/blog/cusco/inca-quarries-of-cachiccata/,inca-quarries-of-cachiccata,Cusco,Rank Math (categoría principal),cusco,Cachiccata,,,,,,87,1905,2026-05-19,2026-05-19,publish
Why Visit The Peruvian Amazon?,https://www.perugrandtravel.com/blog/peruvian-amazon/,https://www.perugrandtravel.com/blog/amazonia/peruvian-amazon/,peruvian-amazon,Amazonia,Rank Math (categoría principal),amazonia,peruvian amazon,,,,,,81,2899,2026-05-22,2026-06-03,publish
Cusco Hidden Gems to Visit in 2026,https://www.perugrandtravel.com/blog/cusco-hidden-gems-2026/,https://www.perugrandtravel.com/blog/cusco/cusco-hidden-gems-2026/,cusco-hidden-gems-2026,Cusco,Rank Math (categoría principal),cusco,Cusco hidden gems,"what to do in Cusco Peru, San Pedro Market Cusco, cusco travel guide",,,,,83,1780,2026-06-04,2026-07-01,publish
Our Ultimate Cusco Travel Guide,https://www.perugrandtravel.com/blog/the-ultimate-guide-to-cusco/,https://www.perugrandtravel.com/blog/cusco/the-ultimate-guide-to-cusco/,the-ultimate-guide-to-cusco,Cusco,Rank Math (categoría principal),cusco,Ultimate Guide to Cusco,"Cusco Travel guide, Cusco Peru itinerary, Best time to visit Cusco, altitude sickness in Cusco",,,,,87,3038,2026-06-04,2026-06-06,publish
7 Secrets of Corpus Christi in Cusco: The Ultimate Andean Celebration,https://www.perugrandtravel.com/blog/corpus-christi/,https://www.perugrandtravel.com/blog/cusco/corpus-christi/,corpus-christi,Cusco,Rank Math (categoría principal),cusco,Corpus Christi,,,,,,90,2215,2026-05-28,2026-06-22,publish
The Best Day Hikes from Cusco,https://www.perugrandtravel.com/blog/the-best-day-hikes-from-cusco/,https://www.perugrandtravel.com/blog/cusco/the-best-day-hikes-from-cusco/,the-best-day-hikes-from-cusco,Cusco,Rank Math (categoría principal),cusco,best day hikes from Cusco,"Cusco one-day trekking tours, Cusco day hikes",,,,,83,1693,2026-06-05,2026-06-04,publish
Our Ultimate Guide to The Magical Sacred Valley Peru!,https://www.perugrandtravel.com/blog/guide-to-the-sacred-valley-peru/,https://www.perugrandtravel.com/blog/cusco/guide-to-the-sacred-valley-peru/,guide-to-the-sacred-valley-peru,Cusco,Rank Math (categoría principal),cusco,Sacred Valley Peru,"sacred valley cusco peru, Sacred Valley travel guide, Visit the Sacred Valley, best Sacred Valley tours",,,,,84,2206,2026-06-06,2026-06-06,publish
Our Ultimate Guide To The Best Restaurants In Sacred Valley,https://www.perugrandtravel.com/blog/the-best-restaurants-in-sacred-valley/,https://www.perugrandtravel.com/blog/cusco/the-best-restaurants-in-sacred-valley/,the-best-restaurants-in-sacred-valley,Cusco,Rank Math (categoría principal),cusco,The best restaurants in Sacred Valley,"Sacred Valley restaurants, where to eat in Sacred Valley Peru, fine dining Sacred Valley Peru, Best restaurants sacred valley pisac",,,,,81,2755,2026-06-18,2026-06-19,publish
Vinicunca Rainbow Mountain – What to Expect and Awesome Top Tips,https://www.perugrandtravel.com/blog/vinicunca-rainbow-mountain/,https://www.perugrandtravel.com/blog/cusco/vinicunca-rainbow-mountain/,vinicunca-rainbow-mountain,Cusco,Rank Math (categoría principal),cusco,Vinicunca Rainbow Mountain,"Rainbow Mountain Cusco, Rainbow Mountain Peru, rainbow mountain hike, raibow mountain tour",,,,,86,2361,2026-06-16,2026-06-16,publish
Palcoyo Rainbow Mountain: Our Ultimate Guide For 2026,https://www.perugrandtravel.com/blog/palcoyo-rainbow-mountain/,https://www.perugrandtravel.com/blog/cusco/palcoyo-rainbow-mountain/,palcoyo-rainbow-mountain,Cusco,Rank Math (categoría principal),cusco,Palcoyo Rainbow Mountain,"Palcoyo Mountain Peru, Palcoyo Rainbow Mountain Tour, Palcoyo vs Vinicunca, Palcoyo Rainbow Mountain tour from Cusco",,,,,86,2078,2026-06-20,2026-06-20,publish
Peru Travel Agency: How to Choose an Awesome  Agency For Your Trip,https://www.perugrandtravel.com/blog/choosing-a-peru-travel-agency/,https://www.perugrandtravel.com/blog/peru/choosing-a-peru-travel-agency/,choosing-a-peru-travel-agency,Perú,Rank Math (categoría principal),peru,Peru TRavel Agency,"Peru tour company, Peru Customized Tours, Peru Adventure tours, Local Peru travel agency",,,,,88,2135,2026-06-28,2026-06-28,publish
Our Best Peru Travel Packages for 2026 and Beyond!,https://www.perugrandtravel.com/blog/peru-travel-packages-for-2026/,https://www.perugrandtravel.com/blog/peru/peru-travel-packages-for-2026/,peru-travel-packages-for-2026,Perú,Rank Math (categoría principal),peru,Peru Travel Packages,"Peru Travel itineraries, Peru Holiday Packages, Tailor-made Peru tours, Custom Peru travel packages",,,,,88,2267,2026-06-29,2026-06-28,publish
Mega Machu Picchu Travel Packages for 2026 and Beyond,https://www.perugrandtravel.com/blog/machu-picchu-travel-packages/,https://www.perugrandtravel.com/blog/cusco/machu-picchu-travel-packages/,machu-picchu-travel-packages,Cusco,Rank Math (categoría principal),"cusco, peru",Machu Picchu Travel Packages,"Best Machu Picchu tour packages, Private Machu Picchu tours, Custom Machu Picchu tours, Luxury Machu Picchu tours",,,,,90,2215,2026-07-01,2026-07-01,publish
