Consulta,Clics,Impresiones,CTR,Posición
peru grand travel,3640.0,7508.0,0.4848,1.54
machu picchu tour package,268.0,15074.0,0.0178,12.55
aguas calientes hot springs,200.0,3791.0,0.0528,5.95
hot springs aguas calientes,176.0,3320.0,0.053,5.73
machu picchu travel package,126.0,5297.0,0.0238,12.58
peru travel packages,116.0,11208.0,0.0103,15.41
peru travel agency,110.0,8003.0,0.0137,8.03
machu picchu travel packages,91.0,6725.0,0.0135,10.25
coca tea,89.0,13022.0,0.0068,9.23
machu picchu packages,88.0,5416.0,0.0162,14.5
machu picchu tour packages,86.0,5597.0,0.0154,15.74
arequipa höhe,84.0,546.0,0.1538,1.99
machu picchu all inclusive packages,77.0,2224.0,0.0346,6.26
peru gran travel,77.0,121.0,0.6364,1.09
peru vacation packages,71.0,13009.0,0.0055,13.1
machu picchu,70.0,7837.0,0.0089,24.19
arequipa altitude,70.0,1371.0,0.0511,13.49
lima catacombs,66.0,6217.0,0.0106,5.53
machu picchu vacation all inclusive,66.0,1860.0,0.0355,5.17
day of the dead peru,60.0,880.0,0.0682,3.28
machu picchu vacation packages,59.0,4579.0,0.0129,12.3
machu picchu trips all inclusive,59.0,1755.0,0.0336,3.96
arequipa,55.0,2002.0,0.0275,14.51
lima cathedral,53.0,7915.0,0.0067,7.94
perugrandtravel,52.0,78.0,0.6667,1.18
machu picchu travel,51.0,7142.0,0.0071,14.01
machu picchu tours packages,50.0,1989.0,0.0251,12.16
miraflores boardwalk,48.0,3695.0,0.013,7.56
huaraz,44.0,6054.0,0.0073,21.92
peru,42.0,6131.0,0.0069,21.57
catacombs lima,38.0,4670.0,0.0081,5.64
peru day of the dead,38.0,671.0,0.0566,2.94
costa verde peru,36.0,8045.0,0.0045,3.41
peru dia de los muertos,36.0,669.0,0.0538,4.19
peru vacation packages all inclusive,35.0,6732.0,0.0052,8.42
does peru celebrate day of the dead,35.0,929.0,0.0377,3.16
travel agency peru,34.0,2784.0,0.0122,6.31
catacombs lima peru,34.0,1810.0,0.0188,7.6
peru tours 2025,34.0,912.0,0.0373,6.56
lima catacombs tour,34.0,829.0,0.041,5.32
peru animals,33.0,16583.0,0.002,4.11
siete borreguitos cusco,33.0,1055.0,0.0313,6.44
costa verde,30.0,128531.0,0.0002,6.24
ica peru,30.0,10684.0,0.0028,14.77
costa verde lima,30.0,8685.0,0.0035,5.75
calle siete borreguitos,30.0,1677.0,0.0179,7.54
"basílica and convent of san francisco, lima",30.0,1659.0,0.0181,8.43
what to wear to machu picchu,30.0,1277.0,0.0235,4.2
coca tea peru,29.0,3557.0,0.0082,8.3
cusco,29.0,1078.0,0.0269,24.95
basilica and convent of santo domingo lima,29.0,901.0,0.0322,7.39
all inclusive machu picchu,28.0,2143.0,0.0131,7.25
day of the dead in peru,28.0,597.0,0.0469,4.82
huaraz altitude,27.0,6243.0,0.0043,7.16
san blas market cusco,27.0,2338.0,0.0115,7.78
all inclusive peru tours,26.0,516.0,0.0504,6.39
arequipa hoogte,26.0,141.0,0.1844,2.01
machu picchu vacation,24.0,63465.0,0.0004,7.41
candelaria 2026,24.0,8163.0,0.0029,7.41
lima,24.0,2310.0,0.0104,43.97
"basilica and convent of santo domingo, lima",24.0,2201.0,0.0109,6.72
peru animal,23.0,8620.0,0.0027,4.32
love park lima,23.0,3088.0,0.0074,7.05
huaraz peru,23.0,2070.0,0.0111,18.99
trips to machu picchu packages,23.0,1075.0,0.0214,15.06
machu picchu vacation packages with airfare,23.0,782.0,0.0294,4.87
cathedral of lima,22.0,4893.0,0.0045,8.08
catacombs of lima,22.0,2526.0,0.0087,5.7
inca hydraulic engineering,22.0,246.0,0.0894,2.37
machu picchu all inclusive,21.0,2509.0,0.0084,6.28
peru machu picchu tour package,21.0,502.0,0.0418,4.91
"basílica and convent of san francisco, lima tours",21.0,477.0,0.044,4.13
höhe arequipa,21.0,87.0,0.2414,2.0
perú grand travel,21.0,37.0,0.5676,1.03
machu picchu trips,20.0,21929.0,0.0009,32.18
dia de la candelaria 2026,19.0,14190.0,0.0013,9.04
machu picchu circuit 2,19.0,2115.0,0.009,8.51
travel agency,19.0,1510.0,0.0126,6.71
machu picchu weather,19.0,784.0,0.0242,5.43
hoogte arequipa,19.0,75.0,0.2533,2.0
machu picchu tours,18.0,15891.0,0.0011,50.82
hot springs in aguas calientes,18.0,607.0,0.0297,10.9
what to wear to machu picchu in october,18.0,532.0,0.0338,4.41
arequipa altura,18.0,257.0,0.07,2.05
dia de los muertos in peru,18.0,223.0,0.0807,2.61
inca temples,17.0,3742.0,0.0045,4.67
peru travel agent,17.0,1399.0,0.0122,5.64
machu picchu package tour,17.0,1079.0,0.0158,10.86
travel agency in peru,17.0,840.0,0.0202,5.47
calle siete borreguitos cusco,17.0,426.0,0.0399,7.97
best travel packages to machu picchu,17.0,325.0,0.0523,4.86
carnival lima,17.0,164.0,0.1037,5.83
cusco puma shape,16.0,1007.0,0.0159,1.12
calle 7 borreguitos,16.0,725.0,0.0221,9.6
guinea pig peru,15.0,5160.0,0.0029,8.58
incan temple,15.0,3346.0,0.0045,5.67
machu picchu package,15.0,1330.0,0.0113,17.02
dia de los muertos peru,15.0,698.0,0.0215,8.74
santo domingo convent lima,15.0,584.0,0.0257,7.43
all inclusive machu picchu tours,15.0,537.0,0.0279,4.31
cusco weather,15.0,395.0,0.038,18.24
peru tour packages,14.0,16336.0,0.0009,34.53
parque del amor lima,14.0,5530.0,0.0025,8.91
peru travel agencies,14.0,2573.0,0.0054,6.6
best peru travel agency,14.0,1819.0,0.0077,8.21
grand travel,14.0,1735.0,0.0081,20.67
inca irrigation system,14.0,1728.0,0.0081,4.82
cusco peru,14.0,1024.0,0.0137,40.83
machu picchu altitude,14.0,639.0,0.0219,38.94
peru grand travel reviews,14.0,457.0,0.0306,6.26
aguas calientes thermal baths,14.0,445.0,0.0315,7.07
agua calientes hot springs,14.0,417.0,0.0336,7.26
inca temple,13.0,8254.0,0.0016,6.12
machu picchu vacations,13.0,4823.0,0.0027,17.57
peru tour operators,13.0,3301.0,0.0039,12.29
cusco altitude,13.0,2936.0,0.0044,28.55
does it snow in peru,13.0,2080.0,0.0062,3.84
trujillo peru,13.0,1938.0,0.0067,14.51
what to eat during holy week,13.0,1166.0,0.0111,4.4
machu picchu elevation,13.0,752.0,0.0173,24.55
lima peru catacombs,13.0,663.0,0.0196,7.96
travel agent peru,13.0,618.0,0.021,5.26
travel agency in lima peru,13.0,434.0,0.03,4.22
inca sun disk,13.0,259.0,0.0502,2.53
agencia de turismo em cusco peru,13.0,251.0,0.0518,1.7
arequipa elevation,13.0,161.0,0.0807,10.7
peru packages,12.0,2283.0,0.0053,23.22
siete borreguitos,12.0,1481.0,0.0081,6.75
machu picchu face,12.0,1460.0,0.0082,1.63
cusco elevation,12.0,1274.0,0.0094,23.4
dia de los muertos en peru,12.0,929.0,0.0129,6.84
all inclusive trips to machu picchu,12.0,853.0,0.0141,6.53
all inclusive trip to machu picchu,12.0,543.0,0.0221,3.51
agencias de turismo cusco,12.0,150.0,0.08,3.31
peru tour operator,11.0,3263.0,0.0034,11.54
machu picchu tickets,11.0,2092.0,0.0053,56.12
chinchero ruins,11.0,1846.0,0.006,8.35
inca aqueducts,11.0,1567.0,0.007,7.8
machu picchu circuit 3,11.0,1444.0,0.0076,8.64
circuit 2 machu picchu,11.0,1320.0,0.0083,7.03
peru travel agents,11.0,1209.0,0.0091,6.05
love park lima peru,11.0,951.0,0.0116,6.2
why do peruvians eat guinea pigs,11.0,794.0,0.0139,4.0
coca tee,11.0,598.0,0.0184,9.21
queros peru,11.0,465.0,0.0237,4.68
machu picchu trip packages,11.0,412.0,0.0267,13.9
best peru tour packages all inclusive,11.0,353.0,0.0312,4.81
agencias de viajes cusco,11.0,282.0,0.039,2.98
peru travel,10.0,4742.0,0.0021,28.91
bridge of sighs lima,10.0,3375.0,0.003,8.81
trips to peru,10.0,3294.0,0.003,26.21
machu picchu trip package,10.0,2408.0,0.0042,15.48
circuit 1a machu picchu,10.0,1000.0,0.01,2.66
basilica and convent of san francisco,10.0,984.0,0.0102,8.19
lord of miracles peru,10.0,673.0,0.0149,8.15
travel agencies in peru,10.0,660.0,0.0152,6.05
agencia de viajes cusco,10.0,602.0,0.0166,6.74
snow in peru,10.0,567.0,0.0176,5.97
holy week meals,10.0,265.0,0.0377,3.62
cuzco,10.0,216.0,0.0463,4.12
peru local travel agency,10.0,148.0,0.0676,8.09
carnaval lima 2026,10.0,67.0,0.1493,7.06
lima carnival,10.0,62.0,0.1613,2.27
geoglyphs,9.0,12714.0,0.0007,7.27
parque del amor,9.0,11075.0,0.0008,8.5
queros,9.0,10288.0,0.0009,8.02
chicha de jora,9.0,8470.0,0.0011,6.0
animals in peru,9.0,8420.0,0.0011,4.61
peru vacation,9.0,7860.0,0.0011,18.95
huaca pucllana,9.0,3399.0,0.0026,21.67
machu picchu peru,9.0,2803.0,0.0032,52.37
costa verde lima peru,9.0,2536.0,0.0035,7.65
lima peru,9.0,2534.0,0.0036,45.92
lord of miracles,9.0,1639.0,0.0055,8.21
peru all inclusive vacation packages,9.0,1131.0,0.008,10.75
basilica cathedral of lima,9.0,672.0,0.0134,8.08
pisco sour,9.0,667.0,0.0135,3.08
convent of santo domingo lima,9.0,641.0,0.014,6.65
machu picchu all inclusive tours,9.0,543.0,0.0166,4.9
machu picchu tours including flights,9.0,504.0,0.0179,9.14
basilica and convent of santo domingo,9.0,460.0,0.0196,5.5
machu pichu trips,9.0,417.0,0.0216,10.91
hot springs in aguas calientes peru,9.0,412.0,0.0218,12.5
all saints day peru,9.0,353.0,0.0255,5.17
santo domingo church lima,9.0,292.0,0.0308,7.38
basilica and convent of nuestra señora de la merced,9.0,276.0,0.0326,4.39
peru carnival 2026,9.0,209.0,0.0431,3.42
huarez,9.0,206.0,0.0437,3.36
agencias de viajes en peru,9.0,204.0,0.0441,11.73
agencia turismo cusco,9.0,142.0,0.0634,10.38
clima en lima perú,9.0,82.0,0.1098,2.76
laguna paron vs laguna 69,9.0,49.0,0.1837,2.69
lima carnival 2026,9.0,45.0,0.2,1.42
lima cathedral mass times,9.0,40.0,0.225,1.15
huacachina,8.0,8916.0,0.0009,21.86
machu picchu tour,8.0,5742.0,0.0014,46.28
peru tour companies,8.0,3399.0,0.0024,13.32
costa verde miraflores,8.0,3133.0,0.0026,4.99
peru guinea pig,8.0,3095.0,0.0026,9.01
huaraz elevation,8.0,1594.0,0.005,6.51
calle 7 borreguitos cusco,8.0,1588.0,0.005,9.64
peru catacombs,8.0,1133.0,0.0071,6.35
machu picchu hot springs,8.0,1048.0,0.0076,10.12
agencia de turismo peru,8.0,732.0,0.0109,21.47
tour operator peru,8.0,694.0,0.0115,19.59
love park peru,8.0,687.0,0.0116,6.02
peru famous animal,8.0,677.0,0.0118,3.51
travel packages to machu picchu,8.0,560.0,0.0143,10.92
hot springs aguas calientes peru,8.0,536.0,0.0149,8.72
peru coca tea,8.0,519.0,0.0154,8.67
catacombs in lima,8.0,465.0,0.0172,9.03
trips to peru machu picchu,8.0,455.0,0.0176,15.7
travel agency lima peru,8.0,429.0,0.0186,5.19
weather in machu picchu,8.0,414.0,0.0193,3.83
peru trips all inclusive,8.0,406.0,0.0197,9.38
lima boardwalk,8.0,361.0,0.0222,5.47
agencias de turismo en cusco,8.0,251.0,0.0319,2.7
aguas caliente hot springs,8.0,210.0,0.0381,8.44
candelaria puno 2026,8.0,152.0,0.0526,5.58
altura arequipa,8.0,108.0,0.0741,2.01
peru currency,8.0,101.0,0.0792,3.95
clima machu picchu,8.0,66.0,0.1212,2.82
how high is arequipa,8.0,64.0,0.125,2.34
clima en cusco,8.0,57.0,0.1404,2.53
qhaswa raymi,8.0,48.0,0.1667,2.67
trips to machu picchu,7.0,4080.0,0.0017,26.01
pisco,7.0,3637.0,0.0019,2.69
downtown lima,7.0,3358.0,0.0021,6.3
coca tea benefits,7.0,2680.0,0.0026,7.17
lima downtown,7.0,1513.0,0.0046,4.82
animal peru,7.0,1278.0,0.0055,9.11
santo domingo convent,7.0,1169.0,0.006,8.73
"national museum of archaeology, anthropology and history of peru",7.0,1048.0,0.0067,7.99
circuit 3a machu picchu,7.0,848.0,0.0083,3.44
machu picchu peru travel packages,7.0,767.0,0.0091,7.97
cusco puma,7.0,650.0,0.0108,2.05
what to do in ica,7.0,597.0,0.0117,7.46
church of la merced,7.0,584.0,0.012,7.41
hot springs machu picchu,7.0,536.0,0.0131,8.58
lima travel agency,7.0,492.0,0.0142,10.16
all inclusive trip to peru,7.0,388.0,0.018,8.6
travel agency cusco,7.0,356.0,0.0197,16.63
raqchi archaeological park,7.0,345.0,0.0203,9.23
perou,7.0,291.0,0.0241,3.65
boardwalk miraflores,7.0,207.0,0.0338,8.21
butterfly sanctuary,7.0,201.0,0.0348,13.63
where to exchange money in lima,7.0,191.0,0.0366,6.35
aguas calientes hot spring,7.0,184.0,0.038,6.6
agencia de turismo cusco,7.0,162.0,0.0432,5.39
huaraz höhe,7.0,155.0,0.0452,5.9
clima cusco,7.0,81.0,0.0864,2.79
machu picchu altura,7.0,62.0,0.1129,2.0
best restaurants in trujillo peru,7.0,59.0,0.1186,8.75
clima en cusco perú,7.0,56.0,0.125,2.32
wie hoch liegt arequipa,7.0,54.0,0.1296,2.0
arequipa altitud,7.0,50.0,0.14,2.32
clima en machu picchu,7.0,41.0,0.1707,2.46
puka pukara,6.0,7478.0,0.0008,9.7
peruvian animals,6.0,5850.0,0.001,3.52
peru trip package,6.0,2429.0,0.0025,19.64
machu picchu trip,6.0,2402.0,0.0025,29.67
travel peru,6.0,2312.0,0.0026,21.45
sol de echenique,6.0,2135.0,0.0028,8.14
peru travel package,6.0,2112.0,0.0028,15.78
vacation packages to peru,6.0,1539.0,0.0039,23.28
cuy,6.0,1440.0,0.0042,3.72
agencia de viajes peru,6.0,1260.0,0.0048,16.95
lima to cusco train,6.0,1250.0,0.0048,17.49
all inclusive peru machu picchu,6.0,1119.0,0.0054,8.81
machu picchu vacation packages all inclusive,6.0,1087.0,0.0055,6.85
coca tea for altitude sickness,6.0,1049.0,0.0057,7.96
aguas calientes,6.0,691.0,0.0087,48.84
vacation packages to machu picchu,6.0,619.0,0.0097,9.34
travel agent in peru,6.0,525.0,0.0114,5.6
lima peru cathedral,6.0,496.0,0.0121,7.19
can you buy pisco in the us,6.0,443.0,0.0135,3.32
huaca pucllana history,6.0,408.0,0.0147,8.88
cathedral de lima,6.0,384.0,0.0156,7.77
holy week food,6.0,380.0,0.0158,4.23
travel agencies peru,6.0,378.0,0.0159,5.93
costa verde miraflores peru,6.0,371.0,0.0162,3.96
is circuit 1 machu picchu worth it,6.0,357.0,0.0168,3.86
thermal baths aguas calientes,6.0,356.0,0.0169,6.55
lima catacombs tickets,6.0,326.0,0.0184,6.96
aguas calientes hot springs peru,6.0,325.0,0.0185,12.2
lima peru weather,6.0,324.0,0.0185,3.63
cocoa tea for altitude sickness,6.0,314.0,0.0191,8.33
aguas calientes hot springs price,6.0,288.0,0.0208,5.61
what to wear to machu picchu in december,6.0,268.0,0.0224,3.93
machu pichu travel,6.0,263.0,0.0228,9.95
grand peru,6.0,257.0,0.0233,5.0
altitude huaraz peru,6.0,245.0,0.0245,6.18
cusco peru weather,6.0,244.0,0.0246,35.12
weather in cusco peru,6.0,243.0,0.0247,11.73
agencias de viajes en cusco,6.0,237.0,0.0253,3.97
peruvian day of the dead,6.0,212.0,0.0283,4.83
what to wear at machu picchu,6.0,211.0,0.0284,6.22
how does peru celebrate dia de los muertos,6.0,207.0,0.029,3.73
what to wear in cusco peru,6.0,172.0,0.0349,9.88
lima anniversary,6.0,152.0,0.0395,3.04
colca canyon altitude,6.0,129.0,0.0465,27.97
tours peru 2025,6.0,111.0,0.0541,4.9
agencias de turismo peru,6.0,110.0,0.0545,7.65
agencias turismo cusco,6.0,93.0,0.0645,5.37
altitude of arequipa,6.0,90.0,0.0667,23.12
huaraz peru weather,6.0,83.0,0.0723,26.0
machu pichu package,6.0,68.0,0.0882,5.15
temperatura en machu picchu,6.0,35.0,0.1714,2.57
how high is arequipa peru,6.0,34.0,0.1765,2.32
qhaswa raymi 2026,6.0,29.0,0.2069,3.52
"clima en lima, perú",6.0,15.0,0.4,2.27
peru tours,5.0,10444.0,0.0005,49.5
puma peru,5.0,3723.0,0.0013,8.87
peru tour packages from usa,5.0,2281.0,0.0022,27.28
tambomachay,5.0,2006.0,0.0025,18.26
peruvian coast,5.0,1827.0,0.0027,3.17
peru all inclusive,5.0,1626.0,0.0031,17.14
dia de candelaria 2026,5.0,1580.0,0.0032,5.01
ollantaytambo,5.0,1478.0,0.0034,53.04
peruvian travel agency,5.0,1437.0,0.0035,4.22
"convent of santo domingo, lima, peru",5.0,1110.0,0.0045,6.35
what are geoglyphs,5.0,1088.0,0.0046,5.66
santo domingo lima,5.0,1028.0,0.0049,7.37
coca leaf tea,5.0,1012.0,0.0049,11.35
cusco travel agency,5.0,1002.0,0.005,29.35
catacombs peru,5.0,957.0,0.0052,7.95
"love park, lima",5.0,953.0,0.0052,6.96
coco tea peru,5.0,926.0,0.0054,6.9
machu picchu circuit 1,5.0,892.0,0.0056,5.76
puno altitude,5.0,848.0,0.0059,20.98
guinea pigs in peru,5.0,818.0,0.0061,14.39
barranco lima,5.0,800.0,0.0062,38.98
peru machu picchu travel packages,5.0,796.0,0.0063,10.64
coca tea altitude sickness,5.0,783.0,0.0064,8.66
temples in peru,5.0,771.0,0.0065,8.11
does coca tea help with altitude sickness,5.0,586.0,0.0085,8.21
machu picchu outfit,5.0,569.0,0.0088,5.1
mercado san blas,5.0,538.0,0.0093,15.64
where to buy pisco near me,5.0,520.0,0.0096,9.66
convent of santo domingo lima peru,5.0,494.0,0.0101,6.04
travel package to peru,5.0,482.0,0.0104,15.74
basilica de la merced lima,5.0,479.0,0.0104,8.89
inca water system,5.0,467.0,0.0107,7.6
all inclusive machu picchu vacation,5.0,458.0,0.0109,5.4
is barranco lima safe,5.0,456.0,0.011,9.63
tour operators in peru,5.0,444.0,0.0113,9.93
packages to machu picchu,5.0,428.0,0.0117,10.33
cajamarca carnival,5.0,397.0,0.0126,10.67
machu picchu clothing,5.0,364.0,0.0137,5.55
what to wear machu picchu,5.0,329.0,0.0152,7.02
inca canals,5.0,309.0,0.0162,5.8
el sol de echenique,5.0,307.0,0.0163,7.62
peru tea for altitude sickness,5.0,288.0,0.0174,6.3
how does coca tea help altitude sickness,5.0,264.0,0.0189,7.66
is huaraz peru safe,5.0,262.0,0.0191,4.11
does peru celebrate dia de los muertos,5.0,256.0,0.0195,4.16
altitude sickness symptoms,5.0,253.0,0.0198,3.09
visiting machu picchu,5.0,245.0,0.0204,32.47
how high is machu picchu,5.0,234.0,0.0214,10.22
travel agency to peru,5.0,227.0,0.022,7.45
do peruvians celebrate day of the dead,5.0,222.0,0.0225,3.05
trujillo marinera festival,5.0,220.0,0.0227,4.11
travel agent for peru,5.0,202.0,0.0248,6.81
what to buy in peru,5.0,194.0,0.0258,21.68
agencias de viaje cusco,5.0,191.0,0.0262,5.55
aguas calientes hot springs hours,5.0,183.0,0.0273,5.0
grand tour peru,5.0,183.0,0.0273,6.28
lord of miracles procession,5.0,177.0,0.0282,6.43
huaraz weather,5.0,173.0,0.0289,13.96
lima cathedral tickets,5.0,171.0,0.0292,7.19
agencia de turismo en cusco,5.0,168.0,0.0298,4.36
peru agencia de viajes,5.0,156.0,0.0321,7.45
weather cusco peru,5.0,154.0,0.0325,19.59
la merced church lima,5.0,151.0,0.0331,7.54
iglesia de la merced lima peru,5.0,129.0,0.0388,8.72
ollantaytambo water system,5.0,115.0,0.0435,4.51
best hot springs in aguas calientes,5.0,110.0,0.0455,5.2
san francisco catacombs lima peru,5.0,103.0,0.0485,7.54
what to wear to machu picchu in november,5.0,96.0,0.0521,2.98
catacombs tour lima,5.0,85.0,0.0588,4.05
arequipa peru elevation,5.0,82.0,0.061,16.74
currency in peru,5.0,67.0,0.0746,8.34
machu picchu limeño,5.0,56.0,0.0893,2.52
lima carnaval,5.0,56.0,0.0893,5.66
machu picchu circuit 2 guide,5.0,49.0,0.102,6.59
arequipa peru höhe,5.0,45.0,0.1111,2.0
puno festival 2026,5.0,45.0,0.1111,5.09
tiempo en machu picchu,5.0,39.0,0.1282,3.9
machu picchu pogoda,5.0,32.0,0.1562,3.47
three kings day in peru,5.0,29.0,0.1724,4.07
hoe hoog ligt arequipa,5.0,25.0,0.2,2.0
santuario histórico de machu picchu,5.0,15.0,0.3333,4.4
peru luxury tours,4.0,11972.0,0.0003,33.9
barranco,4.0,5984.0,0.0007,16.29
qenqo,4.0,4897.0,0.0008,11.13
parihuana,4.0,3466.0,0.0012,1.0
animals of peru,4.0,3192.0,0.0013,7.17
salkantay trek 4 days,4.0,2705.0,0.0015,54.81
things to do in lima,4.0,2661.0,0.0015,46.75
where is costa verde,4.0,2210.0,0.0018,1.91
lima park,4.0,2088.0,0.0019,7.72
peru trip packages,4.0,2087.0,0.0019,19.24
circuit 3 machu picchu,4.0,1883.0,0.0021,6.17
where is machu picchu,4.0,1779.0,0.0022,33.47
lima costa verde,4.0,1733.0,0.0023,8.43
festivals in peru,4.0,1601.0,0.0025,35.66
peru travel company,4.0,1582.0,0.0025,10.22
vacation packages to peru machu picchu,4.0,1530.0,0.0026,9.91
incan temples,4.0,1457.0,0.0027,4.39
animals from peru,4.0,1360.0,0.0029,3.48
what is coca tea,4.0,1325.0,0.003,7.29
love park,4.0,1310.0,0.0031,18.7
rainbow mountain peru,4.0,1239.0,0.0032,75.56
best time to visit lima peru,4.0,1227.0,0.0033,10.76
san blas market,4.0,1199.0,0.0033,8.13
huayna picchu,4.0,1157.0,0.0035,57.95
cristo blanco cusco,4.0,1129.0,0.0035,10.05
south american camelids,4.0,1066.0,0.0038,7.36
inca engineering,4.0,990.0,0.004,10.15
lima historic center,4.0,985.0,0.0041,7.99
2 day inca trail,4.0,945.0,0.0042,39.99
huaraz peru elevation,4.0,895.0,0.0045,7.51
animales de peru,4.0,878.0,0.0046,2.3
chicha de jora peru,4.0,829.0,0.0048,7.94
parque del amor lima peru,4.0,818.0,0.0049,8.42
agencias de viajes peru,4.0,794.0,0.005,33.46
machu picchu tours from usa,4.0,759.0,0.0053,15.57
vacation to machu picchu,4.0,744.0,0.0054,17.66
bajada de reyes en ingles,4.0,693.0,0.0058,3.81
downtown lima peru,4.0,670.0,0.006,11.33
catacombs in lima peru,4.0,625.0,0.0064,6.91
costa verde lima miraflores,4.0,622.0,0.0064,6.41
agencias de viaje en cusco,4.0,603.0,0.0066,6.93
la costa verde peru,4.0,523.0,0.0076,3.46
things to do in arequipa,4.0,515.0,0.0078,37.6
convent of san francisco lima,4.0,509.0,0.0079,9.72
peru all inclusive tours,4.0,494.0,0.0081,12.55
benefits of coca tea,4.0,487.0,0.0082,5.09
peru travel packages from usa,4.0,487.0,0.0082,8.01
te de coca,4.0,446.0,0.009,2.01
costa verde peru lima,4.0,438.0,0.0091,4.11
aguas calientes peru hot springs,4.0,438.0,0.0091,17.04
basilica catedral de lima,4.0,428.0,0.0093,11.43
catacombs peru lima,4.0,405.0,0.0099,6.83
lord of the miracles,4.0,382.0,0.0105,8.78
what to wear in peru,4.0,378.0,0.0106,16.52
coca thee,4.0,366.0,0.0109,16.9
carnival peru,4.0,362.0,0.011,9.19
te de coca beneficios,4.0,348.0,0.0115,2.14
hot springs near me,4.0,348.0,0.0115,8.77
all inclusive peru trip,4.0,336.0,0.0119,9.6
agencia de viajes en peru,4.0,329.0,0.0122,15.59
sacred valley,4.0,325.0,0.0123,58.99
geoglyphs and petroglyphs,4.0,324.0,0.0123,3.17
tea for altitude sickness in peru,4.0,323.0,0.0124,5.75
peru festivals 2026,4.0,315.0,0.0127,3.16
catacombs of lima peru,4.0,309.0,0.0129,5.29
machu picchu route 1a,4.0,291.0,0.0137,3.12
travel agencies in lima peru,4.0,286.0,0.014,4.4
travel agency lima,4.0,284.0,0.0141,10.08
quero peru,4.0,266.0,0.015,7.36
lima cathedral catacombs,4.0,254.0,0.0157,4.37
what to wear for machu picchu,4.0,242.0,0.0165,6.76
costa verde beach lima peru,4.0,241.0,0.0166,4.23
peruvian paso horse,4.0,218.0,0.0183,13.36
machu picchu dress code,4.0,210.0,0.019,3.88
machu picchu route 2,4.0,205.0,0.0195,8.11
how to get to nazca lines from lima,4.0,198.0,0.0202,8.59
travel agency for peru,4.0,195.0,0.0205,13.15
cusco carnival 2026,4.0,194.0,0.0206,6.05
clima en huaraz,4.0,189.0,0.0212,2.05
route 2 machu picchu,4.0,178.0,0.0225,10.19
what to eat on holy week,4.0,177.0,0.0226,3.58
huacachina history,4.0,170.0,0.0235,4.14
best hotels in ica peru,4.0,152.0,0.0263,10.77
peru halloween,4.0,146.0,0.0274,9.08
altitude arequipa,4.0,140.0,0.0286,38.96
can you get pisco in the us,4.0,138.0,0.029,3.33
agencia viajes peru,4.0,133.0,0.0301,34.77
lima museum of anthropology,4.0,127.0,0.0315,8.17
when is carnival in peru,4.0,125.0,0.032,2.47
mejores agencias de turismo en cusco,4.0,118.0,0.0339,4.8
machu,4.0,118.0,0.0339,31.62
lima currency exchange,4.0,115.0,0.0348,5.23
elevation of cusco peru,4.0,111.0,0.036,11.64
catacombs lima tour,4.0,109.0,0.0367,4.78
inca water management,4.0,93.0,0.043,4.49
machu picchu höhe,4.0,92.0,0.0435,2.55
package tour to machu picchu,4.0,88.0,0.0455,8.32
puno candelaria 2026,4.0,86.0,0.0465,4.81
elevation of machu picchu,4.0,83.0,0.0482,3.06
machu picchu weather by month,4.0,82.0,0.0488,3.5
cusco travel agencies,4.0,80.0,0.05,14.35
lima money exchange,4.0,78.0,0.0513,4.78
agencia de viajes cusco peru,4.0,78.0,0.0513,35.85
peruvian dia de los muertos,4.0,75.0,0.0533,2.31
machu picchu package holiday,4.0,75.0,0.0533,21.63
holy week foods,4.0,71.0,0.0563,3.62
la candelaria puno 2026,4.0,65.0,0.0615,4.71
btg cusco,4.0,62.0,0.0645,12.03
elevation of arequipa peru,4.0,54.0,0.0741,4.13
gran travel,4.0,53.0,0.0755,9.96
clima en lima,4.0,51.0,0.0784,2.61
machu pichu packages,4.0,45.0,0.0889,4.56
agencia de viajes lima,4.0,44.0,0.0909,2.98
machu picchu fotos,4.0,41.0,0.0976,8.54
best machu picchu vacation packages,4.0,37.0,0.1081,3.78
agencias en cusco,4.0,35.0,0.1143,3.37
what altitude is arequipa,4.0,34.0,0.1176,2.76
weather in peru in may,4.0,34.0,0.1176,6.35
time in arequipa peru,4.0,33.0,0.1212,29.76
el tiempo en machu picchu,4.0,32.0,0.125,3.97
machu picchu noticias,4.0,21.0,0.1905,2.95
que comprar en peru,4.0,20.0,0.2,2.85
paro en machu picchu,4.0,18.0,0.2222,3.22
carnival in lima peru,4.0,13.0,0.3077,1.0
wie hoch ist arequipa,4.0,13.0,0.3077,2.08
wie hoch liegt arequipa peru,4.0,11.0,0.3636,2.0
peru machu picchu kiedy jechać,4.0,7.0,0.5714,24.71
parks near me,3.0,15056.0,0.0002,7.82
caral,3.0,12757.0,0.0002,10.13
geoglyphs meaning,3.0,4915.0,0.0006,6.69
all inclusive peru vacation packages,3.0,4517.0,0.0007,8.65
sacsayhuaman,3.0,4453.0,0.0007,33.61
luxury peru tours,3.0,3229.0,0.0009,41.46
best peru tour companies,3.0,2933.0,0.001,17.28
lima peru vacation packages,3.0,1972.0,0.0015,26.35
7 borreguitos cusco,3.0,1864.0,0.0016,8.34
puno,3.0,1817.0,0.0017,44.51
machu picchu holiday package,3.0,1809.0,0.0017,40.41
trip to machu picchu,3.0,1746.0,0.0017,28.08
peruvian animal,3.0,1555.0,0.0019,4.01
cusco tourist ticket,3.0,1549.0,0.0019,12.75
best time to visit lima,3.0,1511.0,0.002,11.9
floating islands peru,3.0,1442.0,0.0021,4.61
chaskis,3.0,1394.0,0.0022,7.22
tours of peru,3.0,1355.0,0.0022,50.74
el parque del amor,3.0,1183.0,0.0025,9.11
circuit 1 machu picchu,3.0,1135.0,0.0026,10.12
pachamama peru,3.0,1096.0,0.0027,13.09
luxury tours peru,3.0,1037.0,0.0029,45.3
huaraz peru altitude,3.0,1026.0,0.0029,8.77
peruvian pisco,3.0,1017.0,0.0029,12.18
all inclusive trips to peru,3.0,1014.0,0.003,12.0
machu picchu vacation package,3.0,898.0,0.0033,13.26
travel packages to peru,3.0,872.0,0.0034,20.51
color mountain,3.0,797.0,0.0038,3.39
circuit 3b machu picchu,3.0,784.0,0.0038,1.8
peru all inclusive vacations,3.0,781.0,0.0038,16.27
miraflores costa verde,3.0,774.0,0.0039,3.56
laguna humantay,3.0,766.0,0.0039,44.7
travel agency in cusco peru,3.0,715.0,0.0042,8.23
coca leaves tea,3.0,701.0,0.0043,11.12
bridge of sighs peru,3.0,690.0,0.0043,9.2
machu pichu,3.0,674.0,0.0045,36.99
coca leaves,3.0,667.0,0.0045,1.91
oasis ica,3.0,644.0,0.0047,5.3
christmas in peru,3.0,634.0,0.0047,14.39
what animals live in peru,3.0,633.0,0.0047,3.97
cathedral lima,3.0,607.0,0.0049,9.65
chinchero archaeological site,3.0,593.0,0.0051,7.18
peru coastline,3.0,568.0,0.0053,7.13
machu picchu circuit 3a,3.0,537.0,0.0056,3.77
peru travel companies,3.0,527.0,0.0057,11.31
san francisco catacombs,3.0,522.0,0.0057,11.98
machu picchu peru vacation,3.0,500.0,0.006,20.5
"national museum of the archaeology, anthropology, and history of peru, lima",3.0,495.0,0.0061,6.66
peru snow,3.0,488.0,0.0061,6.27
lake titicaca altitude sickness,3.0,478.0,0.0063,7.79
machu picchu circuit 3b,3.0,475.0,0.0063,1.84
la hoja de coca sirve para dormir,3.0,473.0,0.0063,1.91
what to do in puno,3.0,471.0,0.0064,16.97
the lord of miracles,3.0,449.0,0.0067,8.66
"basilica and convent of santo domingo, lima photos",3.0,444.0,0.0068,6.14
peru package tours,3.0,417.0,0.0072,31.11
peru carnival,3.0,407.0,0.0074,6.47
puno weather,3.0,407.0,0.0074,18.28
colca canyon altitude sickness,3.0,396.0,0.0076,6.1
ica city peru,3.0,395.0,0.0076,10.77
machu picchu outfits,3.0,394.0,0.0076,5.15
why do people eat guinea pigs,3.0,387.0,0.0078,4.42
what to see in lima,3.0,353.0,0.0085,29.99
is circuit 3 machu picchu worth it,3.0,350.0,0.0086,4.94
carnival in peru,3.0,349.0,0.0086,7.56
what to wear in machu picchu,3.0,341.0,0.0088,4.62
peru machu picchu vacation packages,3.0,330.0,0.0091,11.87
temple of pachacamac,3.0,320.0,0.0094,6.74
how does coca tea help with altitude sickness,3.0,318.0,0.0094,7.92
carnaval lima,3.0,316.0,0.0095,9.61
lima cathedral peru,3.0,303.0,0.0099,8.56
colour mountain peru,3.0,302.0,0.0099,13.68
cathedral lima peru,3.0,296.0,0.0101,8.78
museums in peru,3.0,290.0,0.0103,8.95
mercado san blas cusco,3.0,289.0,0.0104,12.01
mate de coca,3.0,287.0,0.0105,2.44
peruvian catacombs,3.0,287.0,0.0105,9.59
golden sun disk,3.0,275.0,0.0109,2.53
machu picchu what to wear,3.0,274.0,0.0109,2.98
how does peru celebrate day of the dead,3.0,267.0,0.0112,3.05
machu picchu route 3a,3.0,267.0,0.0112,5.27
"basilica and convent of santo domingo, lima, peru",3.0,266.0,0.0113,6.87
7 lakes peru,3.0,260.0,0.0115,5.92
yacumama,3.0,260.0,0.0115,7.61
flamencos andinos,3.0,257.0,0.0117,1.0
golden sun meaning,3.0,251.0,0.012,3.87
templos incas más importantes,3.0,250.0,0.012,8.23
is there snow in peru,3.0,244.0,0.0123,5.49
what to eat in holy week,3.0,242.0,0.0124,6.45
best travel agency in peru,3.0,241.0,0.0124,10.63
safest neighborhoods in lima peru,3.0,240.0,0.0125,5.75
peru carnaval,3.0,239.0,0.0126,8.17
machu picchu irrigation system,3.0,234.0,0.0128,10.31
machu picchu circuit 3 view,3.0,229.0,0.0131,4.87
cuyes,3.0,227.0,0.0132,2.67
animal de perú,3.0,218.0,0.0138,9.23
pisco sour day 2026,3.0,215.0,0.014,5.65
why does coca tea help with altitude,3.0,213.0,0.0141,5.91
souvenirs peru,3.0,213.0,0.0141,45.88
amazon rainforest mythical creatures,3.0,212.0,0.0142,4.77
arequipa peru altitude,3.0,209.0,0.0144,32.0
peru travel advice,3.0,208.0,0.0144,59.94
how to dress for machu picchu,3.0,204.0,0.0147,3.25
cusco shape of puma,3.0,202.0,0.0149,1.89
travel agencies for peru,3.0,202.0,0.0149,4.48
church of la merced lima,3.0,201.0,0.0149,5.72
lima to nazca lines,3.0,201.0,0.0149,12.48
what to do in arequipa,3.0,193.0,0.0155,20.8
machu picchu circuit 2b,3.0,192.0,0.0156,2.44
paru paru peru,3.0,190.0,0.0158,8.23
holy week food traditions,3.0,189.0,0.0159,4.02
machu pichu vacation,3.0,189.0,0.0159,9.9
miraflores boardwalk lima,3.0,179.0,0.0168,6.74
carnaval lima peru,3.0,171.0,0.0175,6.88
santo domingo monastery lima,3.0,171.0,0.0175,7.1
amazon rainforest myths,3.0,165.0,0.0182,8.7
do peruvians celebrate dia de los muertos,3.0,162.0,0.0185,3.08
tours to machu picchu from us,3.0,159.0,0.0189,26.63
machu picchu route 3b,3.0,157.0,0.0191,2.43
cusco shaped like a puma,3.0,155.0,0.0194,1.55
cathedrals in peru,3.0,155.0,0.0194,6.99
food for holy week,3.0,147.0,0.0204,3.76
carnival in peru 2026,3.0,133.0,0.0226,2.9
lima churches,3.0,132.0,0.0227,21.49
historic sanctuary of machu picchu photos,3.0,128.0,0.0234,2.53
the lord of the miracles,3.0,127.0,0.0236,7.36
golden sun disc,3.0,121.0,0.0248,4.07
holy week,3.0,115.0,0.0261,2.62
churches in lima,3.0,106.0,0.0283,18.1
agencia de turismo em cusco,3.0,103.0,0.0291,3.19
yes,3.0,103.0,0.0291,9.57
best pisco to buy in peru,3.0,97.0,0.0309,8.61
weather in cusco,3.0,97.0,0.0309,16.18
amazon rainforest mythology,3.0,94.0,0.0319,5.48
best hotels in puno peru,3.0,91.0,0.033,17.55
peru catacombs lima,3.0,89.0,0.0337,6.71
agencia de viaje cusco,3.0,86.0,0.0349,12.6
temperature in cusco peru,3.0,86.0,0.0349,23.52
what to wear to machu picchu in may,3.0,80.0,0.0375,7.12
agua caliente peru hot springs,3.0,74.0,0.0405,6.3
carnaval en lima 2026,3.0,74.0,0.0405,11.32
weather in peru,3.0,72.0,0.0417,3.06
altitude of arequipa peru,3.0,69.0,0.0435,21.88
10 postres peruanos,3.0,66.0,0.0455,9.86
national museum lima,3.0,62.0,0.0484,8.29
carnival ayacucho,3.0,61.0,0.0492,2.77
grandtravel,3.0,60.0,0.05,23.17
arequipa peru,3.0,58.0,0.0517,46.76
quito elevation,3.0,56.0,0.0536,2.38
altitud huaraz,3.0,54.0,0.0556,7.0
temperature in machu picchu,3.0,53.0,0.0566,18.06
temperatura cusco,3.0,50.0,0.06,2.5
wetter machu picchu,3.0,46.0,0.0652,3.91
machu picchu circuit 1d,3.0,42.0,0.0714,3.62
"weather cusco, peru",3.0,42.0,0.0714,4.0
karneval peru 2026,3.0,42.0,0.0714,4.64
weather in peru in april,3.0,40.0,0.075,2.45
перу,3.0,40.0,0.075,3.62
candelaria 2026 puno,3.0,40.0,0.075,4.95
altitud arequipa,3.0,36.0,0.0833,2.03
viajes a machu picchu paquetes 2026,3.0,36.0,0.0833,4.89
cusco calle 7 borreguitos,3.0,36.0,0.0833,5.81
temperatura en cusco,3.0,35.0,0.0857,2.37
day of the dead cusco,3.0,34.0,0.0882,2.68
weather in machu picchu peru,3.0,33.0,0.0909,8.03
chinchero market vs pisac market,3.0,32.0,0.0938,8.09
temperature in cusco,3.0,32.0,0.0938,28.88
cathedral of lima tickets,3.0,30.0,0.1,3.63
weather in machu picchu peru in november,3.0,29.0,0.1034,7.9
sistema hidraulico inca,3.0,29.0,0.1034,8.9
best coffee shops in cusco,3.0,29.0,0.1034,12.21
altitude sickness meaning,3.0,28.0,0.1071,2.0
temperatura machu picchu,3.0,28.0,0.1071,3.96
"clima en cusco, perú",3.0,27.0,0.1111,2.59
temperatura en lima,3.0,24.0,0.125,2.79
weather lima,3.0,24.0,0.125,3.67
day of the dead in peru traditions,3.0,23.0,0.1304,1.83
produit interdit au pérou,3.0,22.0,0.1364,2.64
altitude arequipa pérou,3.0,20.0,0.15,2.0
peru reisadvies,3.0,20.0,0.15,2.0
altura de arequipa sobre el nivel del mar,3.0,19.0,0.1579,2.0
cusco altura,3.0,19.0,0.1579,2.05
el tiempo en cuzco,3.0,19.0,0.1579,3.05
carnival cusco 2026,3.0,17.0,0.1765,3.06
things to do and see in lima peru,3.0,16.0,0.1875,31.81
temperatura en cusco perú,3.0,15.0,0.2,2.6
valle sagrado de los incas,3.0,15.0,0.2,18.87
lima pérou,3.0,14.0,0.2143,11.07
qhaswa raymi cusco 2026,3.0,12.0,0.25,2.33
temperatura en lima perú,3.0,12.0,0.25,2.42
clima de 10 días para cusco,3.0,11.0,0.2727,4.0
arequipa höjd,3.0,10.0,0.3,2.0
arequipa time now,3.0,10.0,0.3,2.0
meteo perou,3.0,10.0,0.3,3.2
el tiempo en cusco,3.0,9.0,0.3333,3.11
clima en perú en abril,3.0,7.0,0.4286,2.29
qhaswa raymi cusco,3.0,6.0,0.5,2.33
tiempo en cuzco,3.0,4.0,0.75,4.0
agência de turismo peru,3.0,3.0,1.0,3.0
yacumama facts,3.0,3.0,1.0,8.33
ica,2.0,32205.0,0.0001,11.29
peru travel tips,2.0,6405.0,0.0003,9.47
things to do in machu picchu,2.0,5979.0,0.0003,5.74
peru vacations,2.0,5729.0,0.0003,25.68
peru tour package,2.0,4721.0,0.0004,28.08
lima to cusco,2.0,4200.0,0.0005,39.41
flamenco andino,2.0,4138.0,0.0005,1.04
best peru tour packages,2.0,3494.0,0.0006,34.55
pachamama meaning,2.0,3379.0,0.0006,4.54
peru trip,2.0,2972.0,0.0007,45.98
best time to visit machu picchu,2.0,2473.0,0.0008,57.04
pachamama ritual,2.0,2417.0,0.0008,4.11
best machu picchu tour packages,2.0,2078.0,0.001,24.62
colca canyon,2.0,2045.0,0.001,54.17
things to do in peru,2.0,2030.0,0.001,68.84
trips to peru all inclusive,2.0,2011.0,0.001,14.12
peru tour,2.0,1895.0,0.0011,39.24
peru wildlife,2.0,1853.0,0.0011,7.1
peru travels,2.0,1813.0,0.0011,36.04
parks in lima,2.0,1522.0,0.0013,19.32
peruvian food,2.0,1442.0,0.0014,42.39
machu pichu tours,2.0,1331.0,0.0015,49.58
where do they eat guinea pigs,2.0,1243.0,0.0016,6.52
huacachina oasis,2.0,1236.0,0.0016,16.37
peru treks,2.0,1116.0,0.0018,47.97
do they eat guinea pigs in peru,2.0,1113.0,0.0018,5.01
peru plug type,2.0,1113.0,0.0018,10.57
san pedro market cusco,2.0,1103.0,0.0018,17.71
luxury train to machu picchu,2.0,1094.0,0.0018,30.61
do people eat guinea pigs,2.0,1086.0,0.0018,6.94
things to do in ica,2.0,1086.0,0.0018,14.42
qenqo peru,2.0,1083.0,0.0018,11.34
money exchange lima,2.0,1062.0,0.0019,11.41
pisco near me,2.0,1049.0,0.0019,10.1
uros floating islands,2.0,1043.0,0.0019,21.18
all inclusive peru vacation,2.0,1026.0,0.0019,13.14
travel to peru,2.0,1024.0,0.002,64.06
guinea pigs peru,2.0,1016.0,0.002,14.82
chicha,2.0,1004.0,0.002,9.02
lares trek peru,2.0,1001.0,0.002,55.71
lima peru beaches,2.0,998.0,0.002,16.88
chicha drink,2.0,994.0,0.002,6.55
7 borreguitos,2.0,973.0,0.0021,7.57
chaski,2.0,962.0,0.0021,8.12
machu picchu weather december,2.0,956.0,0.0021,6.87
does coca tea have caffeine,2.0,950.0,0.0021,12.15
church in lima,2.0,945.0,0.0021,9.68
what animals are in peru,2.0,941.0,0.0021,2.54
what is a geoglyph,2.0,917.0,0.0022,6.42
peru festivals,2.0,915.0,0.0022,18.49
travel packages peru,2.0,915.0,0.0022,23.94
peru rainy season,2.0,912.0,0.0022,11.77
paracas,2.0,861.0,0.0023,45.73
animal similar to llama,2.0,815.0,0.0025,8.56
geoglyphs definition,2.0,793.0,0.0025,4.55
machu picchu circuits,2.0,785.0,0.0025,47.24
best hotels in lima peru,2.0,780.0,0.0026,44.68
currency exchange lima,2.0,774.0,0.0026,8.98
cusco parade today,2.0,770.0,0.0026,8.73
altitude huaraz,2.0,749.0,0.0027,8.94
rainy season peru,2.0,743.0,0.0027,9.16
cusco peru travel agency,2.0,730.0,0.0027,14.67
things to do in ica peru,2.0,691.0,0.0029,10.84
catacombs,2.0,685.0,0.0029,11.93
peru trips packages,2.0,675.0,0.003,19.99
petroglifos y geoglifos,2.0,654.0,0.0031,5.78
peru vacations packages,2.0,643.0,0.0031,16.61
winay wayna,2.0,634.0,0.0032,13.07
inca monuments,2.0,631.0,0.0032,5.98
peru christmas traditions,2.0,625.0,0.0032,9.25
park of love,2.0,600.0,0.0033,6.17
pachamama,2.0,594.0,0.0034,10.45
trujillo peru weather,2.0,578.0,0.0035,10.89
miraflores beach,2.0,553.0,0.0036,7.44
currency exchange near me,2.0,549.0,0.0036,7.6
machu pichu tour,2.0,547.0,0.0037,31.17
candelaria feast 2026,2.0,538.0,0.0037,5.87
puka pukara archaeological complex,2.0,537.0,0.0037,12.25
sacsayhuaman peru,2.0,533.0,0.0038,30.5
basilica lima,2.0,518.0,0.0039,8.34
petroglyphs and geoglyphs,2.0,516.0,0.0039,2.22
peru tea,2.0,515.0,0.0039,7.11
san francisco catacombs lima,2.0,507.0,0.0039,10.71
tour packages to peru,2.0,507.0,0.0039,27.48
halloween in peru,2.0,501.0,0.004,9.57
larco herrera museum,2.0,495.0,0.004,14.75
cusco altitude sickness,2.0,495.0,0.004,30.91
tea for altitude sickness,2.0,487.0,0.0041,7.49
what to do in ica peru,2.0,478.0,0.0042,8.89
2 day inca trail to machu picchu,2.0,466.0,0.0043,47.48
wiñay wayna,2.0,465.0,0.0043,11.34
convent of santo domingo,2.0,463.0,0.0043,7.96
lima love park,2.0,462.0,0.0043,6.23
is peru safe to travel,2.0,461.0,0.0043,48.59
cathedral in lima peru,2.0,456.0,0.0044,6.66
santo domingo church peru,2.0,452.0,0.0044,7.64
peruvian temples,2.0,434.0,0.0046,11.27
bridge of sighs lima peru,2.0,433.0,0.0046,9.32
monastery of san francisco lima,2.0,430.0,0.0047,12.92
lima animal peru,2.0,426.0,0.0047,2.89
lima peru costa verde,2.0,410.0,0.0049,7.3
peru petroglyphs,2.0,408.0,0.0049,4.41
trip to peru package,2.0,375.0,0.0053,19.69
churches in peru,2.0,367.0,0.0054,9.75
route 3a machu picchu,2.0,364.0,0.0055,5.08
barranco bridge of sighs,2.0,363.0,0.0055,8.12
ica desert peru,2.0,361.0,0.0055,11.13
inca temples in peru,2.0,358.0,0.0056,7.39
train from lima to cusco,2.0,349.0,0.0057,19.17
things to do in barranco lima,2.0,343.0,0.0058,5.46
vacation to peru machu picchu,2.0,341.0,0.0059,29.98
bajada de reyes,2.0,339.0,0.0059,6.72
hot springs,2.0,335.0,0.006,8.58
route 1a machu picchu,2.0,327.0,0.0061,3.34
christ the redeemer peru,2.0,323.0,0.0062,3.24
metropolitan cathedral of lima,2.0,316.0,0.0063,8.81
historia del señor de los milagros,2.0,315.0,0.0063,2.12
statue of christ cusco,2.0,314.0,0.0064,9.0
trujillo,2.0,313.0,0.0064,4.62
puno cathedral,2.0,308.0,0.0065,10.46
church of san francisco lima,2.0,297.0,0.0067,11.46
nazca lines from lima,2.0,285.0,0.007,10.81
coca tea in peru,2.0,279.0,0.0072,7.96
san francisco cathedral lima,2.0,279.0,0.0072,11.94
weather in lima peru,2.0,276.0,0.0072,3.43
inca sun disc,2.0,274.0,0.0073,2.64
peru package tour,2.0,267.0,0.0075,39.42
jesus statue in peru,2.0,263.0,0.0076,3.59
coca leaves effect,2.0,260.0,0.0077,3.58
vacation packages machu picchu,2.0,260.0,0.0077,8.7
lima catacombs hours,2.0,258.0,0.0078,4.93
lima peru downtown,2.0,253.0,0.0079,12.79
pisco liquor,2.0,251.0,0.008,4.78
geoglyphs meaning in hindi,2.0,251.0,0.008,9.46
where can i buy pisco near me,2.0,250.0,0.008,9.81
peru tourism packages,2.0,248.0,0.0081,19.85
incas temples,2.0,247.0,0.0081,3.93
easter in peru,2.0,244.0,0.0082,37.61
circuit 3,2.0,243.0,0.0082,5.37
temples incas,2.0,243.0,0.0082,27.87
how to get to puno from lima,2.0,242.0,0.0083,27.17
tour packages to machu picchu,2.0,239.0,0.0084,8.57
package to machu picchu,2.0,235.0,0.0085,10.73
machu picchu photos,2.0,234.0,0.0085,38.34
definición de geoglifos,2.0,231.0,0.0087,9.03
basilica and convent of san francisco lima,2.0,229.0,0.0087,9.41
inca irrigation canals,2.0,228.0,0.0088,6.11
peruvian celebrations,2.0,225.0,0.0089,15.91
coca plant,2.0,222.0,0.009,2.49
san francisco monastery lima,2.0,222.0,0.009,40.56
pisco buy,2.0,220.0,0.0091,10.7
machu picchu travel package costco,2.0,219.0,0.0091,13.42
inca chicha,2.0,212.0,0.0094,7.79
machu picchu face mountain,2.0,210.0,0.0095,3.53
face of machu picchu,2.0,210.0,0.0095,5.07
altitude of huaraz peru,2.0,207.0,0.0097,5.6
vacations to machu picchu,2.0,207.0,0.0097,9.01
cuzco puma,2.0,204.0,0.0098,1.1
best time to visit peru lima,2.0,203.0,0.0099,5.08
huaca pucllana hours,2.0,203.0,0.0099,8.19
churches in lima peru,2.0,203.0,0.0099,14.12
petroglyphs peru,2.0,202.0,0.0099,4.19
huaraz altitude sickness,2.0,202.0,0.0099,7.03
peru national museum,2.0,202.0,0.0099,9.53
is trujillo peru safe,2.0,198.0,0.0101,3.11
rafael larco herrera,2.0,198.0,0.0101,9.58
what to do in huaraz,2.0,194.0,0.0103,8.53
sacsayhuaman mystery,2.0,185.0,0.0108,4.23
agencias de viaje en peru,2.0,183.0,0.0109,7.86
machu picchu 3b circuit,2.0,178.0,0.0112,1.57
peru all inclusive resort machu picchu,2.0,178.0,0.0112,9.16
coca tea bags,2.0,177.0,0.0113,16.77
machu picchu statue,2.0,175.0,0.0114,1.15
what should i wear to machu picchu,2.0,175.0,0.0114,4.5
coca leaf tea peru,2.0,175.0,0.0114,6.94
sol echenique,2.0,173.0,0.0116,6.85
agencias cusco,2.0,173.0,0.0116,7.08
machu picchu tickets sold out,2.0,173.0,0.0116,11.27
tour to peru from us,2.0,173.0,0.0116,43.93
what to wear in peru in april,2.0,172.0,0.0116,4.98
cusco peru altitude,2.0,172.0,0.0116,28.67
choquequirao trek to machu picchu,2.0,170.0,0.0118,49.09
disco de echenique,2.0,169.0,0.0118,6.04
agencia de viajes en cusco peru,2.0,169.0,0.0118,8.49
peruvian tour companies,2.0,169.0,0.0118,10.13
miraflores beach peru,2.0,166.0,0.012,13.21
machu picchu spiritual energy,2.0,164.0,0.0122,9.04
cusco art,2.0,164.0,0.0122,10.41
capital of peru,2.0,164.0,0.0122,15.17
pisco sour recipe,2.0,160.0,0.0125,3.19
circuit 3a,2.0,158.0,0.0127,4.39
agua caliente hot springs,2.0,157.0,0.0127,17.01
irrigation system in inca civilization,2.0,155.0,0.0129,3.55
butterfly sanctuary aguas calientes,2.0,155.0,0.0129,7.68
peru tour company,2.0,155.0,0.0129,13.14
machu picchu circuit 2 tour,2.0,154.0,0.013,10.38
saat rangon ki pahadi kahan sthit hai,2.0,152.0,0.0132,4.65
machu picchu 3a circuit,2.0,151.0,0.0132,4.14
what to do in trujillo peru,2.0,150.0,0.0133,6.05
machu picchu travel packages with airfare,2.0,149.0,0.0134,3.83
where to exchange money in lima peru,2.0,149.0,0.0134,5.52
altitude of huaraz,2.0,149.0,0.0134,5.77
chinchero archeological site,2.0,148.0,0.0135,6.75
santo domingo peru lima,2.0,146.0,0.0137,8.23
how high is cusco,2.0,146.0,0.0137,34.62
things to do in cusco city center,2.0,145.0,0.0138,1.89
machu pichu trip,2.0,144.0,0.0139,10.88
food to eat during holy week,2.0,142.0,0.0141,5.25
si,2.0,139.0,0.0144,4.51
coco tea for altitude sickness,2.0,139.0,0.0144,8.52
machu picchu water system,2.0,138.0,0.0145,14.43
circuit 3b machu picchu view,2.0,135.0,0.0148,4.38
agencia de viajes en cusco,2.0,135.0,0.0148,6.19
tour operator,2.0,135.0,0.0148,9.68
when does it snow in peru,2.0,133.0,0.015,2.78
winay wayna peru,2.0,133.0,0.015,13.7
visit machu picchu,2.0,133.0,0.015,52.74
benefits of coca leaf tea,2.0,130.0,0.0154,7.48
lista de agencias de viajes en cusco,2.0,129.0,0.0155,1.99
is barranco safe at night,2.0,129.0,0.0155,8.33
bridge of sighs (lima) photos,2.0,127.0,0.0157,9.07
best hotels in aguas calientes peru,2.0,127.0,0.0157,27.68
clima huaraz,2.0,125.0,0.016,2.2
foods to eat during holy week,2.0,124.0,0.0161,4.4
machu picchu tour package from usa,2.0,124.0,0.0161,6.6
lima costa verde miraflores,2.0,123.0,0.0163,1.54
lord of miracles festival peru,2.0,123.0,0.0163,8.09
lima museums,2.0,123.0,0.0163,36.59
trips to peru 2025,2.0,118.0,0.0169,2.39
machu picchu route 1,2.0,116.0,0.0172,3.93
tunche,2.0,116.0,0.0172,5.19
circuit 1 vs circuit 2 machu picchu,2.0,115.0,0.0174,9.61
peru travel website,2.0,115.0,0.0174,12.57
is coca tea illegal,2.0,114.0,0.0175,2.4
what is huaca pucllana,2.0,114.0,0.0175,7.95
butterfly house aguas calientes,2.0,113.0,0.0177,7.85
ayacucho carnival,2.0,112.0,0.0179,4.08
food during holy week,2.0,109.0,0.0183,6.44
peru all inclusive resorts with flight,2.0,107.0,0.0187,11.5
machu picchu circuit 3d,2.0,105.0,0.019,2.45
vacations to peru machu picchu,2.0,105.0,0.019,14.27
1a machu picchu,2.0,103.0,0.0194,3.52
travel agency cusco peru,2.0,102.0,0.0196,15.42
machu picchu route 3,2.0,101.0,0.0198,6.11
"famous church in lima, peru",2.0,101.0,0.0198,8.98
places to go in lima,2.0,101.0,0.0198,40.64
vacation in peru all inclusive,2.0,100.0,0.02,8.29
machu picchu hotsprings,2.0,100.0,0.02,8.84
huarez altitude,2.0,98.0,0.0204,6.83
carnival peru 2026,2.0,97.0,0.0206,3.37
мачу пикчу,2.0,97.0,0.0206,3.43
best hotels in arequipa,2.0,97.0,0.0206,28.99
does it snow in peru?,2.0,96.0,0.0208,3.78
is ica worth visiting,2.0,95.0,0.0211,6.51
arequipa weather,2.0,92.0,0.0217,16.32
inca aqueduct system,2.0,91.0,0.022,5.36
weather lima peru,2.0,89.0,0.0225,2.8
macchu picchu travel,2.0,88.0,0.0227,12.16
all saints day in peru,2.0,87.0,0.023,4.01
valentines day in peru,2.0,86.0,0.0233,7.88
agencia turismo peru,2.0,85.0,0.0235,6.65
time in lima peru,2.0,85.0,0.0235,8.86
travel companies peru,2.0,83.0,0.0241,9.43
weather in lima in april,2.0,82.0,0.0244,9.65
peru travel group,2.0,82.0,0.0244,13.17
weather cusco,2.0,82.0,0.0244,35.18
weather at machu picchu,2.0,80.0,0.025,2.5
lima love,2.0,80.0,0.025,9.32
trips to machu pichu,2.0,80.0,0.025,14.84
eating guinea pig in peru,2.0,79.0,0.0253,3.9
is huaraz safe,2.0,79.0,0.0253,4.89
do peru eat guinea pigs,2.0,76.0,0.0263,4.07
travel agents in peru,2.0,76.0,0.0263,4.79
anniversary of lima,2.0,76.0,0.0263,5.25
huaraz perou,2.0,76.0,0.0263,5.82
best hotels in iquitos peru,2.0,71.0,0.0282,10.41
cusco fun facts,2.0,71.0,0.0282,12.94
vacation package to machu picchu,2.0,70.0,0.0286,6.61
altura huaraz,2.0,68.0,0.0294,6.29
peru rural areas,2.0,68.0,0.0294,13.37
inca golden sun disk,2.0,67.0,0.0299,5.78
