Consulta,Clics,Impresiones,CTR,Posición
aguas calientes hot springs,200,3791,0.0528,5.95
hot springs aguas calientes,176,3320,0.053,5.73
coca tea,89,13022,0.0068,9.23
arequipa höhe,84,537,0.1564,2
arequipa altitude,70,1370,0.0511,13.49
machu picchu,67,7636,0.0088,24.68
lima catacombs,61,5964,0.0102,4.84
day of the dead peru,60,880,0.0682,3.28
arequipa,55,1912,0.0288,11.78
huaraz,44,5913,0.0074,21.36
peru,42,6069,0.0069,21.7
peru day of the dead,38,671,0.0566,2.94
catacombs lima,37,4565,0.0081,5.1
peru dia de los muertos,36,668,0.0539,4.18
does peru celebrate day of the dead,35,929,0.0377,3.16
catacombs lima peru,34,1754,0.0194,6.95
lima catacombs tour,34,815,0.0417,5.38
peru animals,33,16563,0.002,4.1
siete borreguitos cusco,33,1055,0.0313,6.44
ica peru,30,10623,0.0028,14.76
calle siete borreguitos,30,1673,0.0179,7.53
what to wear to machu picchu,30,1277,0.0235,4.2
coca tea peru,29,3557,0.0082,8.3
cusco,29,1027,0.0282,25.99
day of the dead in peru,28,596,0.047,4.82
huaraz altitude,27,6185,0.0044,7.14
san blas market cusco,27,2337,0.0116,7.78
arequipa hoogte,26,141,0.1844,2.01
candelaria 2026,24,8163,0.0029,7.41
peru animal,23,8612,0.0027,4.32
huaraz peru,23,2021,0.0114,17.93
lima,22,2105,0.0105,47.47
inca hydraulic engineering,22,246,0.0894,2.37
höhe arequipa,21,87,0.2414,2
dia de la candelaria 2026,19,14190,0.0013,9.04
catacombs of lima,19,2350,0.0081,4.4
machu picchu circuit 2,19,2115,0.009,8.51
machu picchu weather,19,784,0.0242,5.52
hoogte arequipa,19,75,0.2533,2
hot springs in aguas calientes,18,607,0.0297,10.9
what to wear to machu picchu in october,18,533,0.0338,4.59
arequipa altura,18,257,0.07,2.05
dia de los muertos in peru,18,223,0.0807,2.61
inca temples,17,3742,0.0045,4.67
calle siete borreguitos cusco,17,423,0.0402,7.94
carnival lima,17,163,0.1043,5.83
cusco puma shape,16,1007,0.0159,1.12
calle 7 borreguitos,16,725,0.0221,9.6
guinea pig peru,15,5156,0.0029,8.55
incan temple,15,3310,0.0045,5.02
dia de los muertos peru,15,699,0.0215,8.83
cusco weather,15,395,0.038,18.48
inca irrigation system,14,1726,0.0081,4.82
cusco peru,14,1017,0.0138,41.09
machu picchu altitude,14,638,0.0219,39
aguas calientes thermal baths,14,445,0.0315,7.07
agua calientes hot springs,14,417,0.0336,7.26
inca temple,13,8185,0.0016,5.45
cusco altitude,13,2935,0.0044,28.56
does it snow in peru,13,2068,0.0063,3.82
trujillo peru,13,1937,0.0067,14.5
what to eat during holy week,13,1164,0.0112,4.35
machu picchu elevation,13,755,0.0172,24.85
lima peru catacombs,13,634,0.0205,7.12
inca sun disk,13,259,0.0502,2.53
arequipa elevation,13,161,0.0807,10.7
siete borreguitos,12,1479,0.0081,6.74
machu picchu face,12,1460,0.0082,1.63
cusco elevation,12,1274,0.0094,23.4
dia de los muertos en peru,12,929,0.0129,6.84
machu picchu tickets,11,2087,0.0053,56.25
inca aqueducts,11,1566,0.007,7.79
machu picchu circuit 3,11,1444,0.0076,8.64
circuit 2 machu picchu,11,1322,0.0083,7.17
why do peruvians eat guinea pigs,11,794,0.0139,4
coca tee,11,598,0.0184,9.21
queros peru,11,465,0.0237,4.69
bridge of sighs lima,10,3374,0.003,8.81
circuit 1a machu picchu,10,999,0.01,2.66
lord of miracles peru,10,673,0.0149,8.15
snow in peru,10,562,0.0178,5.98
holy week meals,10,265,0.0377,3.62
cuzco,10,214,0.0467,4.15
carnaval lima 2026,10,67,0.1493,7.06
lima carnival,10,62,0.1613,2.27
geoglyphs,9,12711,0.0007,7.27
queros,9,10279,0.0009,8.02
chicha de jora,9,8466,0.0011,6
animals in peru,9,8417,0.0011,4.61
machu picchu peru,9,2798,0.0032,52.45
lord of miracles,9,1638,0.0055,8.22
pisco sour,9,667,0.0135,3.08
hot springs in aguas calientes peru,9,412,0.0218,12.5
all saints day peru,9,353,0.0255,5.17
peru carnival 2026,9,209,0.0431,3.42
huarez,9,204,0.0441,3.37
clima en lima perú,9,82,0.1098,2.76
laguna paron vs laguna 69,9,49,0.1837,2.69
lima carnival 2026,9,45,0.2,1.42
huacachina,8,8897,0.0009,21.87
peru guinea pig,8,3095,0.0026,9.01
lima peru,8,2284,0.0035,48.73
calle 7 borreguitos cusco,8,1588,0.005,9.64
huaraz elevation,8,1586,0.005,6.48
peru catacombs,8,1102,0.0073,5.52
machu picchu hot springs,8,1048,0.0076,10.12
peru famous animal,8,675,0.0119,3.51
hot springs aguas calientes peru,8,536,0.0149,8.72
peru coca tea,8,518,0.0154,8.68
catacombs in lima,8,449,0.0178,8.59
weather in machu picchu,8,414,0.0193,3.83
aguas caliente hot springs,8,210,0.0381,8.44
candelaria puno 2026,8,152,0.0526,5.58
altura arequipa,8,108,0.0741,2.01
peru currency,8,99,0.0808,3.99
clima machu picchu,8,66,0.1212,2.82
how high is arequipa,8,64,0.125,2.34
clima en cusco,8,57,0.1404,2.53
qhaswa raymi,8,48,0.1667,2.67
pisco,7,3637,0.0019,2.69
downtown lima,7,3357,0.0021,6.3
coca tea benefits,7,2680,0.0026,7.17
lima downtown,7,1513,0.0046,4.82
animal peru,7,1279,0.0055,9.17
machu picchu tours,7,1168,0.006,77.63
circuit 3a machu picchu,7,848,0.0083,3.44
cusco puma,7,650,0.0108,2.05
what to do in ica,7,573,0.0122,6.36
hot springs machu picchu,7,536,0.0131,8.58
perou,7,291,0.0241,3.65
butterfly sanctuary,7,201,0.0348,13.63
where to exchange money in lima,7,191,0.0366,6.35
aguas calientes hot spring,7,184,0.038,6.6
huaraz höhe,7,155,0.0452,5.9
clima cusco,7,81,0.0864,2.79
machu picchu altura,7,62,0.1129,2
best restaurants in trujillo peru,7,59,0.1186,8.75
clima en cusco perú,7,56,0.125,2.32
wie hoch liegt arequipa,7,54,0.1296,2
arequipa altitud,7,50,0.14,2.32
clima en machu picchu,7,41,0.1707,2.46
peruvian animals,6,5845,0.001,3.53
sol de echenique,6,2135,0.0028,8.14
cuy,6,1440,0.0042,3.72
lima to cusco train,6,1249,0.0048,17.47
coca tea for altitude sickness,6,1048,0.0057,7.94
aguas calientes,6,690,0.0087,48.87
can you buy pisco in the us,6,439,0.0137,3.31
holy week food,6,380,0.0158,4.23
is circuit 1 machu picchu worth it,6,356,0.0169,3.87
thermal baths aguas calientes,6,356,0.0169,6.55
aguas calientes hot springs peru,6,324,0.0185,12.19
lima peru weather,6,323,0.0186,3.63
cocoa tea for altitude sickness,6,314,0.0191,8.33
aguas calientes hot springs price,6,288,0.0208,5.61
what to wear to machu picchu in december,6,268,0.0224,3.93
weather in cusco peru,6,244,0.0246,12.09
cusco peru weather,6,244,0.0246,35.12
altitude huaraz peru,6,243,0.0247,6.19
peruvian day of the dead,6,212,0.0283,4.83
what to wear at machu picchu,6,211,0.0284,6.22
how does peru celebrate dia de los muertos,6,207,0.029,3.73
what to wear in cusco peru,6,172,0.0349,9.88
lima anniversary,6,152,0.0395,3.04
colca canyon altitude,6,129,0.0465,27.97
altitude of arequipa,6,90,0.0667,23.12
huaraz peru weather,6,83,0.0723,26
temperatura en machu picchu,6,35,0.1714,2.57
how high is arequipa peru,6,34,0.1765,2.32
qhaswa raymi 2026,6,28,0.2143,3.32
"clima en lima, perú",6,15,0.4,2.27
puma peru,5,3723,0.0013,8.87
peruvian coast,5,1827,0.0027,3.17
dia de candelaria 2026,5,1579,0.0032,5.01
what are geoglyphs,5,1088,0.0046,5.66
coca leaf tea,5,1012,0.0049,11.35
coco tea peru,5,926,0.0054,6.9
catacombs peru,5,925,0.0054,6.96
machu picchu circuit 1,5,892,0.0056,5.87
puno altitude,5,819,0.0061,21.67
guinea pigs in peru,5,818,0.0061,14.39
barranco lima,5,799,0.0063,38.97
coca tea altitude sickness,5,783,0.0064,8.66
temples in peru,5,759,0.0066,7.81
does coca tea help with altitude sickness,5,586,0.0085,8.21
machu picchu outfit,5,569,0.0088,5.1
mercado san blas,5,538,0.0093,15.64
where to buy pisco near me,5,519,0.0096,9.66
inca water system,5,467,0.0107,7.6
is barranco lima safe,5,456,0.011,9.63
cajamarca carnival,5,397,0.0126,10.67
machu picchu clothing,5,365,0.0137,5.82
what to wear machu picchu,5,329,0.0152,7.02
inca canals,5,309,0.0162,5.8
el sol de echenique,5,307,0.0163,7.62
peru tea for altitude sickness,5,288,0.0174,6.3
how does coca tea help altitude sickness,5,264,0.0189,7.66
is huaraz peru safe,5,261,0.0192,3.86
does peru celebrate dia de los muertos,5,256,0.0195,4.16
altitude sickness symptoms,5,253,0.0198,3.09
visiting machu picchu,5,245,0.0204,32.47
how high is machu picchu,5,235,0.0213,10.58
do peruvians celebrate day of the dead,5,222,0.0225,3.05
trujillo marinera festival,5,220,0.0227,4.11
what to buy in peru,5,194,0.0258,21.68
aguas calientes hot springs hours,5,183,0.0273,5
lord of miracles procession,5,177,0.0282,6.43
huaraz weather,5,173,0.0289,14.45
weather cusco peru,5,155,0.0323,20.11
ollantaytambo water system,5,115,0.0435,4.51
best hot springs in aguas calientes,5,110,0.0455,5.2
san francisco catacombs lima peru,5,101,0.0495,7.85
what to wear to machu picchu in november,5,96,0.0521,2.98
ollantaytambo,5,87,0.0575,33.2
catacombs tour lima,5,85,0.0588,4.08
arequipa peru elevation,5,82,0.061,16.74
currency in peru,5,66,0.0758,8.44
machu picchu limeño,5,56,0.0893,2.52
lima carnaval,5,56,0.0893,5.66
machu picchu circuit 2 guide,5,49,0.102,6.59
puno festival 2026,5,45,0.1111,5.09
arequipa peru höhe,5,44,0.1136,2.02
tiempo en machu picchu,5,39,0.1282,3.9
machu picchu pogoda,5,32,0.1562,3.47
three kings day in peru,5,29,0.1724,4.07
hoe hoog ligt arequipa,5,25,0.2,2
santuario histórico de machu picchu,5,15,0.3333,4.4
barranco,4,5982,0.0007,16.29
parihuana,4,3466,0.0012,1
animals of peru,4,3185,0.0013,7.17
circuit 3 machu picchu,4,1883,0.0021,6.17
where is machu picchu,4,1779,0.0022,33.47
festivals in peru,4,1598,0.0025,35.64
incan temples,4,1457,0.0027,4.39
animals from peru,4,1360,0.0029,3.48
what is coca tea,4,1325,0.003,7.29
rainbow mountain peru,4,1230,0.0033,76.03
best time to visit lima peru,4,1221,0.0033,10.78
san blas market,4,1199,0.0033,8.13
huayna picchu,4,1157,0.0035,57.95
cristo blanco cusco,4,1128,0.0035,10
south american camelids,4,1066,0.0038,7.36
inca engineering,4,990,0.004,10.15
lima historic center,4,979,0.0041,7.96
huaraz peru elevation,4,889,0.0045,7.54
2 day inca trail,4,886,0.0045,37.93
animales de peru,4,878,0.0046,2.3
chicha de jora peru,4,829,0.0048,7.94
bajada de reyes en ingles,4,693,0.0058,3.81
downtown lima peru,4,670,0.006,11.33
catacombs in lima peru,4,621,0.0064,6.9
things to do in arequipa,4,516,0.0078,37.82
benefits of coca tea,4,487,0.0082,5.09
te de coca,4,446,0.009,2.01
aguas calientes peru hot springs,4,438,0.0091,17.04
catacombs peru lima,4,391,0.0102,5.83
lord of the miracles,4,382,0.0105,8.78
what to wear in peru,4,378,0.0106,16.52
coca thee,4,366,0.0109,16.9
carnival peru,4,362,0.011,9.19
te de coca beneficios,4,348,0.0115,2.14
hot springs near me,4,348,0.0115,8.77
tea for altitude sickness in peru,4,323,0.0124,5.75
geoglyphs and petroglyphs,4,322,0.0124,3.15
sacred valley,4,321,0.0125,59.19
peru festivals 2026,4,314,0.0127,3.16
catacombs of lima peru,4,299,0.0134,5.26
lima catacombs tickets,4,295,0.0136,7.78
machu picchu route 1a,4,291,0.0137,3.12
quero peru,4,266,0.015,7.36
what to wear for machu picchu,4,243,0.0165,7.15
peruvian paso horse,4,217,0.0184,13.33
machu picchu dress code,4,210,0.019,3.88
machu picchu route 2,4,205,0.0195,8.11
how to get to nazca lines from lima,4,197,0.0203,8.59
cusco carnival 2026,4,194,0.0206,6.05
clima en huaraz,4,189,0.0212,2.05
what to eat on holy week,4,177,0.0226,3.58
route 2 machu picchu,4,177,0.0226,10.24
huacachina history,4,170,0.0235,4.14
best hotels in ica peru,4,152,0.0263,10.77
peru halloween,4,146,0.0274,9.08
altitude arequipa,4,140,0.0286,38.96
can you get pisco in the us,4,137,0.0292,3.35
when is carnival in peru,4,125,0.032,2.47
machu,4,118,0.0339,33.22
lima currency exchange,4,115,0.0348,5.23
elevation of cusco peru,4,112,0.0357,12.37
catacombs lima tour,4,109,0.0367,4.83
inca water management,4,93,0.043,4.49
machu picchu höhe,4,92,0.0435,2.55
puno candelaria 2026,4,86,0.0465,4.81
machu picchu weather by month,4,82,0.0488,3.5
elevation of machu picchu,4,81,0.0494,4.27
lima money exchange,4,78,0.0513,4.78
peruvian dia de los muertos,4,75,0.0533,2.31
holy week foods,4,71,0.0563,3.62
la candelaria puno 2026,4,65,0.0615,4.71
btg cusco,4,62,0.0645,12.03
elevation of arequipa peru,4,54,0.0741,4.13
clima en lima,4,51,0.0784,2.61
machu picchu fotos,4,41,0.0976,8.54
what altitude is arequipa,4,34,0.1176,2.76
weather in peru in may,4,34,0.1176,6.35
time in arequipa peru,4,33,0.1212,29.76
el tiempo en machu picchu,4,32,0.125,3.97
machu picchu noticias,4,21,0.1905,2.95
que comprar en peru,4,20,0.2,2.85
paro en machu picchu,4,18,0.2222,3.22
carnival in lima peru,4,13,0.3077,1
wie hoch ist arequipa,4,13,0.3077,2.08
wie hoch liegt arequipa peru,4,11,0.3636,2
peru machu picchu kiedy jechać,4,7,0.5714,24.71
parks near me,3,15051,0.0002,7.82
geoglyphs meaning,3,4915,0.0006,6.69
puno,3,1805,0.0017,44.66
peruvian animal,3,1555,0.0019,4.01
cusco tourist ticket,3,1549,0.0019,12.75
salkantay trek 4 days,3,1463,0.0021,66.84
floating islands peru,3,1442,0.0021,4.61
best time to visit lima,3,1440,0.0021,10.52
chaskis,3,1394,0.0022,7.22
sacsayhuaman,3,1322,0.0023,16.79
circuit 1 machu picchu,3,1135,0.0026,10.12
pachamama peru,3,1096,0.0027,13.09
peruvian pisco,3,1017,0.0029,12.27
huaraz peru altitude,3,1010,0.003,8.83
color mountain,3,797,0.0038,3.39
circuit 3b machu picchu,3,784,0.0038,1.8
laguna humantay,3,763,0.0039,44.72
coca leaves tea,3,701,0.0043,11.12
bridge of sighs peru,3,690,0.0043,9.2
machu pichu,3,673,0.0045,37.04
coca leaves,3,665,0.0045,1.91
oasis ica,3,644,0.0047,5.3
christmas in peru,3,634,0.0047,14.39
what animals live in peru,3,633,0.0047,3.97
peru coastline,3,569,0.0053,7.27
machu picchu circuit 3a,3,537,0.0056,3.77
peru snow,3,484,0.0062,6.24
lake titicaca altitude sickness,3,478,0.0063,7.79
machu picchu circuit 3b,3,475,0.0063,1.84
la hoja de coca sirve para dormir,3,473,0.0063,1.91
what to do in puno,3,468,0.0064,16.49
the lord of miracles,3,449,0.0067,8.66
peru carnival,3,407,0.0074,6.47
puno weather,3,406,0.0074,18.31
colca canyon altitude sickness,3,396,0.0076,6.1
ica city peru,3,395,0.0076,10.77
machu picchu outfits,3,394,0.0076,5.15
why do people eat guinea pigs,3,387,0.0078,4.42
is circuit 3 machu picchu worth it,3,350,0.0086,4.94
carnival in peru,3,349,0.0086,7.56
what to wear in machu picchu,3,341,0.0088,4.62
how does coca tea help with altitude sickness,3,318,0.0094,7.92
carnaval lima,3,316,0.0095,9.61
mercado san blas cusco,3,289,0.0104,12.01
mate de coca,3,287,0.0105,2.44
colour mountain peru,3,287,0.0105,11.91
golden sun disk,3,275,0.0109,2.53
machu picchu what to wear,3,274,0.0109,2.98
how does peru celebrate day of the dead,3,267,0.0112,3.05
machu picchu route 3a,3,267,0.0112,5.27
peruvian catacombs,3,262,0.0115,6.53
yacumama,3,260,0.0115,7.61
flamencos andinos,3,257,0.0117,1
museums in peru,3,254,0.0118,9.68
golden sun meaning,3,251,0.012,3.87
templos incas más importantes,3,250,0.012,8.23
lima cathedral catacombs,3,247,0.0121,3.98
what to eat in holy week,3,242,0.0124,6.45
safest neighborhoods in lima peru,3,240,0.0125,5.75
is there snow in peru,3,239,0.0126,5.51
peru carnaval,3,239,0.0126,8.17
machu picchu irrigation system,3,234,0.0128,10.31
machu picchu circuit 3 view,3,229,0.0131,4.87
cuyes,3,227,0.0132,2.67
7 lakes peru,3,223,0.0135,4.65
animal de perú,3,218,0.0138,9.23
pisco sour day 2026,3,215,0.014,5.65
why does coca tea help with altitude,3,213,0.0141,5.91
souvenirs peru,3,213,0.0141,45.88
amazon rainforest mythical creatures,3,212,0.0142,4.77
arequipa peru altitude,3,209,0.0144,32
peru travel advice,3,207,0.0145,60.22
how to dress for machu picchu,3,204,0.0147,3.25
cusco shape of puma,3,202,0.0149,1.89
lima to nazca lines,3,201,0.0149,12.48
what to do in arequipa,3,193,0.0155,20.8
machu picchu circuit 2b,3,192,0.0156,2.44
holy week food traditions,3,189,0.0159,4.02
carnaval lima peru,3,170,0.0176,6.86
amazon rainforest myths,3,164,0.0183,8.43
do peruvians celebrate dia de los muertos,3,162,0.0185,3.08
machu picchu route 3b,3,157,0.0191,2.43
cusco shaped like a puma,3,155,0.0194,1.55
food for holy week,3,147,0.0204,3.76
cathedrals in peru,3,141,0.0213,6.9
carnival in peru 2026,3,133,0.0226,2.9
historic sanctuary of machu picchu photos,3,127,0.0236,2.54
the lord of the miracles,3,127,0.0236,7.36
golden sun disc,3,121,0.0248,4.07
holy week,3,114,0.0263,2.62
lima churches,3,107,0.028,15.5
weather in cusco,3,98,0.0306,16.99
best pisco to buy in peru,3,97,0.0309,8.61
yes,3,96,0.0312,9.3
amazon rainforest mythology,3,94,0.0319,5.48
best hotels in puno peru,3,90,0.0333,17.67
peru catacombs lima,3,88,0.0341,6.18
temperature in cusco peru,3,86,0.0349,23.52
what to wear to machu picchu in may,3,81,0.037,7.75
agua caliente peru hot springs,3,74,0.0405,6.3
carnaval en lima 2026,3,74,0.0405,11.32
weather in peru,3,73,0.0411,3.85
altitude of arequipa peru,3,69,0.0435,21.88
10 postres peruanos,3,66,0.0455,9.86
carnival ayacucho,3,61,0.0492,2.77
quito elevation,3,56,0.0536,2.38
altitud huaraz,3,54,0.0556,7
arequipa peru,3,54,0.0556,44.44
temperature in machu picchu,3,53,0.0566,18.06
temperatura cusco,3,50,0.06,2.5
wetter machu picchu,3,46,0.0652,3.91
"weather cusco, peru",3,44,0.0682,7.82
machu picchu circuit 1d,3,42,0.0714,3.62
karneval peru 2026,3,42,0.0714,4.64
weather in peru in april,3,40,0.075,2.45
перу,3,40,0.075,3.62
candelaria 2026 puno,3,40,0.075,4.95
altitud arequipa,3,36,0.0833,2.03
cusco calle 7 borreguitos,3,36,0.0833,5.81
temperatura en cusco,3,35,0.0857,2.37
day of the dead cusco,3,34,0.0882,2.68
weather in machu picchu peru,3,33,0.0909,8.03
chinchero market vs pisac market,3,32,0.0938,8.09
temperature in cusco,3,32,0.0938,28.88
weather in machu picchu peru in november,3,29,0.1034,7.9
sistema hidraulico inca,3,29,0.1034,8.9
best coffee shops in cusco,3,29,0.1034,12.21
altitude sickness meaning,3,28,0.1071,2
"clima en cusco, perú",3,27,0.1111,2.59
temperatura machu picchu,3,27,0.1111,2.67
temperatura en lima,3,24,0.125,2.79
weather lima,3,24,0.125,3.67
day of the dead in peru traditions,3,23,0.1304,1.83
produit interdit au pérou,3,22,0.1364,2.64
altitude arequipa pérou,3,20,0.15,2
peru reisadvies,3,20,0.15,2
altura de arequipa sobre el nivel del mar,3,19,0.1579,2
cusco altura,3,19,0.1579,2.05
el tiempo en cuzco,3,19,0.1579,3.05
carnival cusco 2026,3,17,0.1765,3.06
temperatura en cusco perú,3,15,0.2,2.6
valle sagrado de los incas,3,15,0.2,18.87
temperatura en lima perú,3,12,0.25,2.42
lima pérou,3,12,0.25,3.08
things to do and see in lima peru,3,12,0.25,37
qhaswa raymi cusco 2026,3,11,0.2727,1.55
clima de 10 días para cusco,3,11,0.2727,4
arequipa höjd,3,10,0.3,2
arequipa time now,3,10,0.3,2
meteo perou,3,10,0.3,3.2
el tiempo en cusco,3,9,0.3333,3.11
clima en perú en abril,3,7,0.4286,2.29
qhaswa raymi cusco,3,6,0.5,2.33
tiempo en cuzco,3,4,0.75,4
yacumama facts,3,3,1,8.33
ica,2,32186,0.0001,11.29
peru travel tips,2,6404,0.0003,9.47
things to do in machu picchu,2,5979,0.0003,5.74
lima to cusco,2,4195,0.0005,39.42
flamenco andino,2,4138,0.0005,1.04
pachamama meaning,2,3379,0.0006,4.54
things to do in lima,2,2574,0.0008,48.24
best time to visit machu picchu,2,2473,0.0008,57.04
pachamama ritual,2,2415,0.0008,4.09
colca canyon,2,2043,0.001,54.18
7 borreguitos cusco,2,1862,0.0011,8.34
peru wildlife,2,1853,0.0011,7.1
peruvian food,2,1433,0.0014,42.19
where do they eat guinea pigs,2,1242,0.0016,6.49
huacachina oasis,2,1235,0.0016,16.35
parks in lima,2,1157,0.0017,14.7
peru treks,2,1115,0.0018,47.95
do they eat guinea pigs in peru,2,1113,0.0018,5.01
peru plug type,2,1113,0.0018,10.57
san pedro market cusco,2,1102,0.0018,17.69
luxury train to machu picchu,2,1094,0.0018,30.61
do people eat guinea pigs,2,1086,0.0018,6.94
things to do in ica,2,1064,0.0019,13.67
money exchange lima,2,1062,0.0019,11.41
pisco near me,2,1049,0.0019,10.1
uros floating islands,2,1043,0.0019,21.18
guinea pigs peru,2,1016,0.002,14.82
travel to peru,2,1005,0.002,64.71
chicha,2,1004,0.002,9.02
lares trek peru,2,1000,0.002,55.65
lima peru beaches,2,997,0.002,16.9
chicha drink,2,994,0.002,6.55
7 borreguitos,2,973,0.0021,7.57
chaski,2,962,0.0021,8.12
machu picchu weather december,2,956,0.0021,6.87
does coca tea have caffeine,2,950,0.0021,12.15
what animals are in peru,2,940,0.0021,2.53
what is a geoglyph,2,917,0.0022,6.42
peru festivals,2,914,0.0022,18.46
peru rainy season,2,912,0.0022,11.77
paracas,2,856,0.0023,45.76
church in lima,2,841,0.0024,8.8
animal similar to llama,2,815,0.0025,8.56
geoglyphs definition,2,793,0.0025,4.55
machu picchu circuits,2,785,0.0025,47.24
best hotels in lima peru,2,777,0.0026,44.66
currency exchange lima,2,774,0.0026,8.98
cusco parade today,2,770,0.0026,8.73
rainy season peru,2,744,0.0027,9.26
catacombs,2,681,0.0029,11.95
things to do in ica peru,2,670,0.003,9.89
altitude huaraz,2,669,0.003,8.73
petroglifos y geoglifos,2,654,0.0031,5.78
winay wayna,2,635,0.0031,13.19
inca monuments,2,631,0.0032,5.98
peru christmas traditions,2,625,0.0032,9.25
pachamama,2,594,0.0034,10.45
trujillo peru weather,2,577,0.0035,10.88
currency exchange near me,2,549,0.0036,7.6
candelaria feast 2026,2,538,0.0037,5.87
peru tea,2,515,0.0039,7.11
petroglyphs and geoglyphs,2,513,0.0039,2.18
halloween in peru,2,501,0.004,9.57
cusco altitude sickness,2,499,0.004,31.46
tea for altitude sickness,2,487,0.0041,7.49
san francisco catacombs lima,2,484,0.0041,10.24
wiñay wayna,2,467,0.0043,11.72
2 day inca trail to machu picchu,2,464,0.0043,47.54
is peru safe to travel,2,460,0.0043,48.54
what to do in ica peru,2,450,0.0044,6.7
bridge of sighs lima peru,2,433,0.0046,9.32
lima animal peru,2,422,0.0047,2.9
peruvian temples,2,413,0.0048,8.63
peru petroglyphs,2,408,0.0049,4.41
san francisco catacombs,2,405,0.0049,11.76
route 3a machu picchu,2,363,0.0055,5.09
barranco bridge of sighs,2,363,0.0055,8.12
inca temples in peru,2,358,0.0056,7.39
ica desert peru,2,358,0.0056,10.65
train from lima to cusco,2,349,0.0057,19.17
churches in peru,2,346,0.0058,10.19
things to do in barranco lima,2,343,0.0058,5.46
bajada de reyes,2,338,0.0059,6.71
hot springs,2,335,0.006,8.58
route 1a machu picchu,2,327,0.0061,3.34
christ the redeemer peru,2,322,0.0062,3.22
historia del señor de los milagros,2,315,0.0063,2.12
statue of christ cusco,2,314,0.0064,9
trujillo,2,313,0.0064,4.62
what to see in lima,2,313,0.0064,33.35
puno cathedral,2,307,0.0065,10.49
nazca lines from lima,2,285,0.007,10.81
coca tea in peru,2,279,0.0072,7.96
weather in lima peru,2,276,0.0072,3.43
inca sun disc,2,273,0.0073,2.63
jesus statue in peru,2,263,0.0076,3.59
coca leaves effect,2,260,0.0077,3.58
lima peru downtown,2,253,0.0079,12.79
pisco liquor,2,251,0.008,4.78
geoglyphs meaning in hindi,2,251,0.008,9.46
where can i buy pisco near me,2,250,0.008,9.81
incas temples,2,247,0.0081,3.93
easter in peru,2,244,0.0082,37.61
circuit 3,2,243,0.0082,5.37
temples incas,2,242,0.0083,27.75
how to get to puno from lima,2,241,0.0083,26.9
machu picchu photos,2,235,0.0085,38.51
definición de geoglifos,2,231,0.0087,9.03
inca irrigation canals,2,228,0.0088,6.11
peruvian celebrations,2,226,0.0088,16.22
coca plant,2,222,0.009,2.49
pisco buy,2,220,0.0091,10.7
inca chicha,2,212,0.0094,7.79
machu picchu face mountain,2,211,0.0095,3.87
face of machu picchu,2,210,0.0095,5.07
altitude of huaraz peru,2,207,0.0097,5.6
cuzco puma,2,204,0.0098,1.1
best time to visit peru lima,2,203,0.0099,5.08
petroglyphs peru,2,202,0.0099,4.19
huaraz altitude sickness,2,202,0.0099,7.03
is trujillo peru safe,2,198,0.0101,3.11
what to do in huaraz,2,192,0.0104,8.6
sacsayhuaman mystery,2,184,0.0109,4.01
machu picchu 3b circuit,2,178,0.0112,1.57
coca tea bags,2,177,0.0113,16.77
machu picchu statue,2,175,0.0114,1.15
what should i wear to machu picchu,2,175,0.0114,4.5
coca leaf tea peru,2,175,0.0114,6.94
sol echenique,2,173,0.0116,6.85
machu picchu tickets sold out,2,173,0.0116,11.27
cusco peru altitude,2,173,0.0116,29.09
what to wear in peru in april,2,172,0.0116,4.98
lima catacombs hours,2,170,0.0118,6.44
choquequirao trek to machu picchu,2,170,0.0118,49.33
disco de echenique,2,169,0.0118,6.04
machu picchu spiritual energy,2,164,0.0122,9.04
cusco art,2,164,0.0122,10.41
capital of peru,2,163,0.0123,15.23
pisco sour recipe,2,160,0.0125,3.19
circuit 3a,2,158,0.0127,4.39
agua caliente hot springs,2,157,0.0127,17.01
irrigation system in inca civilization,2,155,0.0129,3.55
butterfly sanctuary aguas calientes,2,155,0.0129,7.68
machu picchu circuit 2 tour,2,154,0.013,10.38
saat rangon ki pahadi kahan sthit hai,2,152,0.0132,4.65
machu picchu 3a circuit,2,150,0.0133,4.13
what to do in trujillo peru,2,150,0.0133,6.05
where to exchange money in lima peru,2,149,0.0134,5.52
how high is cusco,2,149,0.0134,35.9
things to do in cusco city center,2,145,0.0138,1.89
altitude of huaraz,2,145,0.0138,5.65
food to eat during holy week,2,142,0.0141,5.25
coco tea for altitude sickness,2,139,0.0144,8.52
machu picchu water system,2,138,0.0145,14.43
circuit 3b machu picchu view,2,134,0.0149,4.34
visit machu picchu,2,133,0.015,52.74
churches in lima peru,2,132,0.0152,9.44
winay wayna peru,2,132,0.0152,13.31
when does it snow in peru,2,131,0.0153,2.74
benefits of coca leaf tea,2,130,0.0154,7.48
is barranco safe at night,2,129,0.0155,8.33
bridge of sighs (lima) photos,2,127,0.0157,9.07
best hotels in aguas calientes peru,2,127,0.0157,27.68
clima huaraz,2,125,0.016,2.2
foods to eat during holy week,2,124,0.0161,4.4
lord of miracles festival peru,2,123,0.0163,8.09
machu picchu route 1,2,116,0.0172,3.93
tunche,2,116,0.0172,5.19
circuit 1 vs circuit 2 machu picchu,2,115,0.0174,9.61
is coca tea illegal,2,114,0.0175,2.4
butterfly house aguas calientes,2,113,0.0177,7.85
ayacucho carnival,2,112,0.0179,4.08
food during holy week,2,109,0.0183,6.44
machu picchu circuit 3d,2,104,0.0192,2.46
1a machu picchu,2,102,0.0196,3.55
machu picchu route 3,2,101,0.0198,6.11
machu picchu hotsprings,2,100,0.02,8.84
huarez altitude,2,98,0.0204,6.83
carnival peru 2026,2,97,0.0206,3.37
мачу пикчу,2,97,0.0206,3.43
best hotels in arequipa,2,97,0.0206,28.99
does it snow in peru?,2,96,0.0208,3.78
is ica worth visiting,2,95,0.0211,6.51
arequipa weather,2,92,0.0217,16.32
inca aqueduct system,2,91,0.022,5.36
weather lima peru,2,89,0.0225,2.8
all saints day in peru,2,87,0.023,4.01
churches in lima,2,87,0.023,17.43
valentines day in peru,2,86,0.0233,7.88
time in lima peru,2,85,0.0235,8.86
weather cusco,2,83,0.0241,35.86
weather in lima in april,2,82,0.0244,9.65
weather at machu picchu,2,81,0.0247,3.26
eating guinea pig in peru,2,79,0.0253,3.9
is huaraz safe,2,79,0.0253,4.89
do peru eat guinea pigs,2,76,0.0263,4.07
anniversary of lima,2,76,0.0263,5.25
huaraz perou,2,74,0.027,4.39
best hotels in iquitos peru,2,71,0.0282,10.41
cusco fun facts,2,71,0.0282,12.94
altura huaraz,2,68,0.0294,6.29
peru rural areas,2,68,0.0294,13.37
inca golden sun disk,2,67,0.0299,5.78
what to eat for holy week,2,65,0.0308,1.98
cusco shape,2,65,0.0308,2.34
ica what to do,2,64,0.0312,7.08
macchu picchu circuit 2,2,63,0.0317,5.84
cocatee,2,63,0.0317,6.25
best markets in cusco,2,63,0.0317,9.78
time in peru,2,63,0.0317,40.59
what is the altitude of machu picchu,2,62,0.0323,17.89
arequipa to colca canyon,2,62,0.0323,75.94
festival de marinera,2,60,0.0333,17.68
maczu pikczu,2,59,0.0339,3.1
money in peru,2,57,0.0351,53.74
machu pichu circuit 1a,2,55,0.0364,1.73
what to eat holy week,2,55,0.0364,3.16
"famous church in lima, peru",2,55,0.0364,7.55
tripadvisor lima peru,2,55,0.0364,15.44
half day tour cusco,2,55,0.0364,18.27
huaraz a cuantos metros sobre el nivel del mar esta,2,53,0.0377,2.43
coca tee peru,2,53,0.0377,9.91
best hotel in puno,2,52,0.0385,11.75
machu picchu circuits explained,2,52,0.0385,40.75
weather in peru in november,2,51,0.0392,3.33
festivals in peru 2026,2,50,0.04,1.8
where to buy souvenirs in lima,2,50,0.04,8.98
what to do in iquitos,2,49,0.0408,22.94
weather in lima peru in april,2,47,0.0426,8.47
colorado springs elevation,2,46,0.0435,2.28
does peru celebrate carnival,2,45,0.0444,2.24
dia de los muertos peru traditions,2,45,0.0444,2.47
kauza lima,2,45,0.0444,11.11
cusco temperature,2,45,0.0444,49.11
how to see nazca lines from lima,2,44,0.0455,7.34
machu picchu hot spring,2,43,0.0465,10.56
best backpack for inca trail,2,41,0.0488,8.56
el dia de muertos es peruano,2,40,0.05,2
what to buy in lima peru,2,40,0.05,29.02
peru grand travel,2,40,0.05,31.07
arequipa best restaurants,2,40,0.05,40.4
tiempo en lima,2,38,0.0526,3.05
clothing for machu picchu,2,38,0.0526,6.66
viajes para mayores de 70 años en perú,2,38,0.0526,9.68
wetter puno,2,37,0.0541,3.14
dia de los muertos cusco,2,35,0.0571,6.4
ingeniería hidráulica inca,2,35,0.0571,9.97
cusco weather october,2,33,0.0606,6.18
weather in machu picchu 10 days,2,33,0.0606,21.61
peru day of the dead celebration,2,32,0.0625,1.34
altitude sickness medication,2,32,0.0625,3.31
clima de huaraz hoy,2,30,0.0667,2.13
iquitos luxury lodge,2,30,0.0667,10.7
agua caliente hot spring,2,30,0.0667,18.17
time in cusco,2,30,0.0667,39.7
weather in arequipa,2,29,0.069,13.69
arequipa best hotels,2,28,0.0714,13.07
weather in arequipa peru,2,28,0.0714,38.68
machu picchu circuit 1 vs 3,2,27,0.0741,12.15
valle sagrado,2,26,0.0769,14.23
clima,2,25,0.08,2.44
machu picchu weather in april,2,24,0.0833,6.25
carnavales en lima,2,24,0.0833,7.38
arequipa höhenmeter,2,23,0.087,2.09
weather in machu picchu peru in october,2,23,0.087,2.78
fotos de machu picchu,2,23,0.087,3.43
what to wear to machu picchu in march,2,23,0.087,3.83
peru holy week,2,23,0.087,8.74
peru weather in may,2,23,0.087,19.96
chaski peru travel,2,22,0.0909,5.91
clima en cusco hoy,2,21,0.0952,2.29
coca tee kaufen,2,21,0.0952,3.1
clima en machu picchu en diciembre,2,21,0.0952,14.19
currency peru,2,20,0.1,2.55
wetter puno peru,2,19,0.1053,3.32
boleto religioso cusco,2,19,0.1053,6.21
best areas to stay in lima,2,19,0.1053,44.11
temperatura en lima por distritos,2,18,0.1111,2.44
machu picchu stone face,2,17,0.1176,1
arequipa altura sobre el nivel del mar,2,17,0.1176,2.12
siete borreguitos street cusco,2,17,0.1176,3.76
altura machu picchu,2,15,0.1333,2
höhe arequipa peru,2,15,0.1333,2
a que altura esta arequipa peru,2,15,0.1333,2.07
voyage pérou danger,2,15,0.1333,2.27
feuille de coca,2,15,0.1333,2.8
machu picchu historia,2,15,0.1333,3.47
how to prepare for high altitude,2,15,0.1333,3.53
pomata puno,2,15,0.1333,6.4
weather in lima peru in february,2,15,0.1333,13.27
cusco cathedral,2,15,0.1333,49.87
que ver en trujillo españa,2,14,0.1429,2.07
cusco day of the dead,2,14,0.1429,2.21
peru adventure trek,2,14,0.1429,68.57
altitud arequipa peru,2,13,0.1538,2
clima en peru en noviembre,2,13,0.1538,2.08
temperatura en machu picchu hoy,2,13,0.1538,2.15
how to lower heart rate at high altitude,2,13,0.1538,2.85
7 borreguitos street cusco,2,13,0.1538,2.92
huaraz peru höhe,2,13,0.1538,3.38
trujillo spanien,2,13,0.1538,3.77
altura de arequipa ciudad,2,12,0.1667,2
wie hoch liegt machu picchu,2,12,0.1667,2
weather in machu picchu in march,2,12,0.1667,10.42
what is the currency in peru,2,11,0.1818,2.09
machu picchu clima,2,11,0.1818,2.27
arequipa altura a nivel del mar,2,10,0.2,2
machu picchu weather in november,2,10,0.2,2.7
what to wear,2,10,0.2,5.4
fiesta de la candelaria 2026 puno,2,10,0.2,6.4
altitud en arequipa,2,9,0.2222,2
arequipa altitud sobre el nivel del mar,2,9,0.2222,2
décalage horaire pérou france,2,9,0.2222,2
santuario histórico de machu picchu fotos,2,9,0.2222,2.56
weather in peru november,2,9,0.2222,2.56
clima lima peru,2,9,0.2222,2.67
wetter peru,2,9,0.2222,2.89
que ropa llevar a peru en septiembre,2,9,0.2222,3
weather in peru in june and july,2,9,0.2222,54
coca hoja beneficios,2,8,0.25,2.12
"weather in machu picchu, peru in october",2,8,0.25,2.75
meteo perou octobre,2,7,0.2857,2
quelles chaussures pour le pérou,2,7,0.2857,2.14
temperature in cusco in october,2,7,0.2857,2.14
hoteles en lima peru,2,7,0.2857,2.43
meteo cusco,2,7,0.2857,3.57
outfit para ir a cusco,2,7,0.2857,9
how to get from lima to nazca,2,7,0.2857,10.14
weather in cuzco peru,2,7,0.2857,15.86
lima carnaval 2026,2,6,0.3333,2.17
clima en ica hoy,2,6,0.3333,2.67
huancaya,2,6,0.3333,2.83
какво да си купим от перу,2,6,0.3333,7
a cuanta altura esta arequipa,2,5,0.4,2
paris lima temps de vol,2,5,0.4,2
листья коки эффект,2,5,0.4,2.8
ja bitte,2,5,0.4,14.2
a qué altura está arequipa,2,4,0.5,2
temperature perou septembre,2,4,0.5,2
tijdsverschil peru,2,4,0.5,2
que ver en cusco,2,4,0.5,2.75
nevado pastoruri,2,4,0.5,3.75
weer machu picchu,2,4,0.5,4.5
sumaq machu picchu hotel,2,4,0.5,5
vuelos a cusco,2,4,0.5,5
что посмотреть в перу,2,4,0.5,6.75
clima en arequipa en 14 días,2,3,0.6667,2
clima en cuzco en octubre,2,3,0.6667,2
what currency is accepted in peru,2,3,0.6667,2
météo machu picchu 15 jours,2,3,0.6667,2.67
atacama desert elevation,2,3,0.6667,3
peru erfahrungen kriminalität,2,3,0.6667,3
peru reis,2,3,0.6667,3.67
visitar machu picchu,2,3,0.6667,4
outfit lima peru,2,3,0.6667,5
pérou heure,2,2,1,2
temperature au perou en octobre,2,2,1,2
alcalde de lima,2,2,1,3
de cusco a machu picchu cuantas horas son,2,2,1,3
recomendaciones para visitar machu picchu,2,2,1,5
buy pisco online,1,4190,0.0002,9.07
lares trek,1,2614,0.0004,67.98
who continually attacked trujillo? the spanish the french peru pirates,1,2311,0.0004,2.62
huacachina peru,1,2278,0.0004,18.67
templos incas,1,2129,0.0005,11.31
colorful mountains in peru,1,2047,0.0005,9.46
cusco to machu picchu,1,2034,0.0005,43.62
guinea pig in peru,1,1983,0.0005,10.22
things to do in peru,1,1963,0.0005,71.15
miraflores,1,1782,0.0006,22.38
do peruvians eat guinea pigs,1,1776,0.0006,4
animal de peru,1,1707,0.0006,6.93
luxury train from cusco to machu picchu,1,1687,0.0006,59.65
peru colors,1,1629,0.0006,3.03
llama like animal,1,1491,0.0007,6.74
inca trail,1,1463,0.0007,78.42
animal in peru,1,1259,0.0008,3.47
machu picchu mountain range,1,1259,0.0008,13.64
peru travel,1,1214,0.0008,69.92
petroglyphs definition,1,1199,0.0008,11.01
peru beaches,1,1133,0.0009,48.66
voltage in peru,1,1111,0.0009,8.52
cristo blanco,1,1101,0.0009,7.06
wildlife in peru,1,1086,0.0009,8.69
machu picchu in december,1,1077,0.0009,14.18
rainbow mountain,1,1052,0.001,64.17
facts about machu picchu,1,1047,0.001,25.26
best time to go to machu picchu,1,1007,0.001,59.39
feast of candelaria 2026,1,984,0.001,4.19
parihuanas,1,983,0.001,1
miraflores lima peru,1,966,0.001,20.5
rural peru,1,921,0.0011,12.07
arequipa altitude sickness,1,900,0.0011,5.91
celebrations in peru,1,871,0.0011,17.4
bridge of sighs,1,870,0.0011,8.22
markets in cusco,1,850,0.0012,30.61
cusco festival,1,846,0.0012,40.23
machu picchu mountain,1,826,0.0012,53.58
peru plug,1,819,0.0012,10.9
cuy peruano,1,818,0.0012,36.66
7 color mountain peru,1,791,0.0013,6.41
mothers day peru,1,765,0.0013,7.78
puerto maldonado,1,763,0.0013,62.16
ica oasis,1,759,0.0013,7.53
petroglifos significado,1,733,0.0014,10.34
uros islands,1,720,0.0014,22.12
december weather in machu picchu,1,712,0.0014,20.19
pisco brands,1,689,0.0015,3.11
lake titicaca,1,684,0.0015,42.55
lima restaurants,1,683,0.0015,57.37
machu picchu tours from cusco,1,681,0.0015,53.76
guinea pig dish,1,674,0.0015,9.41
animal of peru,1,656,0.0015,4.64
peruvian coastline,1,650,0.0015,2.34
cusco festival today,1,644,0.0016,8.46
7 colors mountain peru,1,639,0.0016,5.72
inca trail 4 days,1,637,0.0016,65.3
why is machu picchu a wonder of the world,1,617,0.0016,4.58
koka çayı,1,613,0.0016,10.43
things to do in puno,1,602,0.0017,30.82
best hotels in cusco,1,597,0.0017,49.4
barranco peru,1,591,0.0017,34.79
peruvian drinks,1,587,0.0017,47.54
arequipa puno train,1,585,0.0017,43
peru vacations,1,580,0.0017,12.42
rainy season in peru,1,579,0.0017,13.45
inca irrigation,1,573,0.0017,6.07
peruvian birds,1,568,0.0018,12.32
do people in peru eat guinea pigs,1,567,0.0018,5.96
peru itinerary 10 days,1,567,0.0018,33.03
peru family vacation,1,567,0.0018,45.66
duende amazon rainforest,1,559,0.0018,3.26
eating guinea pigs,1,549,0.0018,3.97
animals peru,1,546,0.0018,6.54
mountain of 7 colors peru,1,539,0.0019,6.13
arequipa hotels,1,537,0.0019,66.13
short inca trail to machu picchu,1,534,0.0019,38.19
lima food,1,527,0.0019,56.84
huaraz altura,1,526,0.0019,5.14
temple inca,1,525,0.0019,12.45
peru souvenirs,1,525,0.0019,26.54
things to do in huaraz,1,525,0.0019,27.57
puno peru,1,523,0.0019,50.62
peru jesus statue,1,520,0.0019,7.31
parina grande,1,515,0.0019,1
peruvian petroglyphs,1,515,0.0019,4.88
oasis de huacachina,1,510,0.002,13.52
nazca lines,1,508,0.002,79.72
señor de huanca,1,505,0.002,15.9
día de la candelaria 2026,1,501,0.002,9.77
inca trail 2 days,1,501,0.002,40.11
peruvian bird,1,497,0.002,9.04
how to get from lima to cusco,1,496,0.002,19.85
what to do in lima,1,492,0.002,46.18
incas temple,1,486,0.0021,5.63
pisco alcohol percentage,1,479,0.0021,6.06
train cusco to machu picchu,1,473,0.0021,48.27
historic centre of lima,1,471,0.0021,15.62
famous animal in peru,1,469,0.0021,4.13
coca leaves peru,1,464,0.0022,15.71
is san isidro lima safe,1,456,0.0022,8.9
machu picchu 1 day hike,1,448,0.0022,39.14
when is summer in peru,1,427,0.0023,11.69
seven color mountain,1,426,0.0023,4.83
barranco lima peru,1,422,0.0024,26.39
places to visit in lima,1,406,0.0025,21.86
animal similar to alpaca and llama,1,400,0.0025,8.1
birds of peru,1,397,0.0025,17.34
mother's day in peru,1,389,0.0026,16.84
cooked guinea pig peru,1,380,0.0026,2.94
what to do in miraflores,1,378,0.0026,4.07
catacombs in peru,1,374,0.0027,7.17
oasis en peru,1,373,0.0027,6.98
birds in peru,1,372,0.0027,11.79
interesting facts about machu picchu,1,369,0.0027,16.43
vizcacha,1,369,0.0027,62.26
pisco where to buy,1,368,0.0027,8.38
coca tea from peru,1,366,0.0027,9.55
10 facts about machu picchu,1,363,0.0028,13.2
belmond hotels in peru,1,363,0.0028,41.49
tours en cusco,1,363,0.0028,80.95
best machu picchu tours,1,353,0.0028,70.23
trujillo weather,1,349,0.0029,12.09
is peru safe to visit,1,348,0.0029,25.34
lima to cusco bus,1,348,0.0029,38.39
where is machu picchu in peru,1,346,0.0029,39.77
solar disk,1,344,0.0029,3.15
historic center of lima,1,341,0.0029,16.56
diferencia entre petroglifos y geoglifos,1,337,0.003,5.98
imagen del señor de los milagros,1,335,0.003,1.97
cusco jesus statue,1,328,0.003,5.94
small llama like animal,1,328,0.003,8.75
outfit para machu picchu,1,326,0.0031,8.84
what to see in machu picchu,1,323,0.0031,69.52
things to do in miraflores peru,1,322,0.0031,16.24
beaches in peru,1,322,0.0031,44.66
peru statue,1,321,0.0031,2.4
rainbow mountains peru,1,321,0.0031,82.74
cocoa leaf tea,1,318,0.0031,11.95
best treks in peru,1,314,0.0032,50.29
peruvian mythical creatures,1,313,0.0032,5.54
coca leaves for altitude sickness,1,310,0.0032,8.04
animal from peru,1,309,0.0032,4.27
ica city,1,309,0.0032,9.62
ica huacachina,1,308,0.0032,16.64
what is the voltage in peru,1,304,0.0033,7.34
señor de huanca cusco,1,298,0.0034,3.55
things to do in puno peru,1,298,0.0034,26.75
té de coca para dormir,1,297,0.0034,2.23
how high is huaraz,1,297,0.0034,6.11
altitude sickness tea,1,297,0.0034,8.18
puno altitude sickness,1,296,0.0034,10.12
circuit 1,1,295,0.0034,4.41
lord of the miracles peru,1,294,0.0034,7.91
peruvian pisco near me,1,291,0.0034,9.52
machu pichu face,1,290,0.0034,1.43
peru birds,1,284,0.0035,16.66
amazon rainforest tour packages,1,283,0.0035,47.56
4 day inca trail,1,283,0.0035,65.06
3 days in cusco,1,282,0.0035,29.78
catacombes lima,1,281,0.0036,8.7
aguascalientes hot springs,1,281,0.0036,9.48
popular animals in peru,1,280,0.0036,5.59
"huaraz, peru altitude",1,280,0.0036,6.69
best time to go to lima peru,1,276,0.0036,8.72
christ the redeemer cusco,1,274,0.0036,7.6
summer in peru,1,274,0.0036,32.53
what animals are native to peru,1,273,0.0037,2.37
historia de la chicha de jora,1,273,0.0037,10.09
native animals of peru,1,272,0.0037,7.42
rainbow mountains,1,270,0.0037,62.96
inca irrigation systems,1,269,0.0037,4.77
