from,to,clics
https://www.perugrandtravel.com/blog/cusco/what-to-wear-to-machu-picchu/,https://www.perugrandtravel.com/blog/what-to-wear-to-machu-picchu/,3539.0
https://www.perugrandtravel.com/blog/peru/coca-tea/,https://www.perugrandtravel.com/blog/coca-tea/,1360.0
https://www.perugrandtravel.com/blog/peru/day-of-the-saints-and-dead/,https://www.perugrandtravel.com/blog/day-of-the-saints-and-dead/,873.0
https://www.perugrandtravel.com/blog/cusco/hot-springs-in-aguas-calientes/,https://www.perugrandtravel.com/blog/hot-springs-in-aguas-calientes/,796.0
https://www.perugrandtravel.com/blog/peru/altitude-sickness-peru/,https://www.perugrandtravel.com/blog/altitude-sickness-peru/,750.0
https://www.perugrandtravel.com/blog/lima/catacombs-of-lima/,https://www.perugrandtravel.com/blog/catacombs-of-lima/,487.0
https://www.perugrandtravel.com/blog/lima/carnival-in-lima-2026/,https://www.perugrandtravel.com/blog/carnival-in-lima-2026/,405.0
https://www.perugrandtravel.com/blog/huaraz/the-best-things-to-do-in-huaraz/,https://www.perugrandtravel.com/blog/the-best-things-to-do-in-huaraz/,356.0
https://www.perugrandtravel.com/blog/cusco/machu-picchu-circuit-2/,https://www.perugrandtravel.com/blog/machu-picchu-circuit-2/,341.0
https://www.perugrandtravel.com/blog/cusco/discover-inca-hydraulic-engineering-a-masterpiece-of-antiquity/,https://www.perugrandtravel.com/blog/discover-inca-hydraulic-engineering-a-masterpiece-of-antiquity/,339.0
https://www.perugrandtravel.com/blog/cusco/machu-picchu-circuit-3/,https://www.perugrandtravel.com/blog/machu-picchu-circuit-3/,300.0
https://www.perugrandtravel.com/blog/peru/animals-of-peru/,https://www.perugrandtravel.com/blog/animals-of-peru/,296.0
https://www.perugrandtravel.com/blog/cusco/the-7-inca-temples/,https://www.perugrandtravel.com/blog/the-7-inca-temples/,286.0
https://www.perugrandtravel.com/blog/cusco/machu-picchu-circuit-1/,https://www.perugrandtravel.com/blog/machu-picchu-circuit-1/,278.0
https://www.perugrandtravel.com/blog/peru/the-sun-of-echenique/,https://www.perugrandtravel.com/blog/the-sun-of-echenique/,272.0
https://www.perugrandtravel.com/blog/peru/dishes-of-holy-week/,https://www.perugrandtravel.com/blog/dishes-of-holy-week/,270.0
https://www.perugrandtravel.com/blog/cusco/siete-borreguitos-street-cusco/,https://www.perugrandtravel.com/blog/siete-borreguitos-street-cusco/,254.0
https://www.perugrandtravel.com/blog/lima/the-safest-districts-in-lima/,https://www.perugrandtravel.com/blog/the-safest-districts-in-lima/,233.0
https://www.perugrandtravel.com/blog/peru/why-do-they-eat-guinea-pig-in-peru/,https://www.perugrandtravel.com/blog/why-do-they-eat-guinea-pig-in-peru/,223.0
https://www.perugrandtravel.com/blog/peru/geoglyphs-and-petroglyphs/,https://www.perugrandtravel.com/blog/geoglyphs-and-petroglyphs/,217.0
https://www.perugrandtravel.com/blog/lima/where-to-change-money-in-lima/,https://www.perugrandtravel.com/blog/where-to-change-money-in-lima/,201.0
https://www.perugrandtravel.com/blog/puno/virgin-of-candelaria-2026/,https://www.perugrandtravel.com/blog/virgin-of-candelaria-2026/,190.0
https://www.perugrandtravel.com/blog/lima/viewpoints-in-lima/,https://www.perugrandtravel.com/blog/viewpoints-in-lima/,186.0
https://www.perugrandtravel.com/blog/lima/the-lord-of-miracles/,https://www.perugrandtravel.com/blog/the-lord-of-miracles/,184.0
https://www.perugrandtravel.com/blog/cusco/festivals-in-peru-2026/,https://www.perugrandtravel.com/blog/festivals-in-peru-2026/,174.0
https://www.perugrandtravel.com/blog/cusco/chicha-of-jora/,https://www.perugrandtravel.com/blog/chicha-of-jora/,158.0
https://www.perugrandtravel.com/blog/ica/things-to-do-in-ica-peru/,https://www.perugrandtravel.com/blog/things-to-do-in-ica-peru/,156.0
https://www.perugrandtravel.com/blog/cusco/discover-the-history-of-the-white-christ-in-cusco-and-how-to-get-there/,https://www.perugrandtravel.com/blog/discover-the-history-of-the-white-christ-in-cusco-and-how-to-get-there/,154.0
https://www.perugrandtravel.com/blog/peru/souvenirs-from-peru/,https://www.perugrandtravel.com/blog/souvenirs-from-peru/,154.0
https://www.perugrandtravel.com/blog/peru/traditional-christmas-in-peru/,https://www.perugrandtravel.com/blog/traditional-christmas-in-peru/,146.0
https://www.perugrandtravel.com/blog/cusco/local-crafts-in-cusco/,https://www.perugrandtravel.com/blog/local-crafts-in-cusco/,145.0
https://www.perugrandtravel.com/blog/huaraz/how-high-is-huaraz-peru/,https://www.perugrandtravel.com/blog/how-high-is-huaraz-peru/,141.0
https://www.perugrandtravel.com/blog/puerto-maldonado/amazon-myths/,https://www.perugrandtravel.com/blog/amazon-myths/,131.0
https://www.perugrandtravel.com/blog/cusco/machu-picchu-world-heritage/,https://www.perugrandtravel.com/blog/machu-picchu-world-heritage/,124.0
https://www.perugrandtravel.com/blog/cusco/best-markets-in-cusco/,https://www.perugrandtravel.com/blog/best-markets-in-cusco/,117.0
https://www.perugrandtravel.com/blog/lima/bridge-of-sighs-barranco-lima/,https://www.perugrandtravel.com/blog/bridge-of-sighs-barranco-lima/,115.0
https://www.perugrandtravel.com/blog/cusco/august-month-of-pachamama-in-peru/,https://www.perugrandtravel.com/blog/august-month-of-pachamama-in-peru/,113.0
https://www.perugrandtravel.com/blog/ica/legend-of-huacachina-ica/,https://www.perugrandtravel.com/blog/legend-of-huacachina-ica/,111.0
https://www.perugrandtravel.com/blog/cusco/cusco-tourist-ticket-peru/,https://www.perugrandtravel.com/blog/cusco-tourist-ticket-peru/,106.0
https://www.perugrandtravel.com/blog/peru/three-kings-day-in-peru/,https://www.perugrandtravel.com/blog/three-kings-day-in-peru/,103.0
https://www.perugrandtravel.com/blog/nazca/how-to-visit-the-nazca-lines-from-lima/,https://www.perugrandtravel.com/blog/how-to-visit-the-nazca-lines-from-lima/,102.0
https://www.perugrandtravel.com/blog/cusco/butterfly-conservatory-of-machu-picchu/,https://www.perugrandtravel.com/blog/butterfly-conservatory-of-machu-picchu/,98.0
https://www.perugrandtravel.com/blog/cusco/guide-mountain-of-7-colors/,https://www.perugrandtravel.com/blog/guide-mountain-of-7-colors/,97.0
https://www.perugrandtravel.com/blog/peru/peru-plug/,https://www.perugrandtravel.com/blog/peru-plug/,91.0
https://www.perugrandtravel.com/blog/cusco/queros-peru-community/,https://www.perugrandtravel.com/blog/queros-peru-community/,87.0
https://www.perugrandtravel.com/blog/huaraz/laguna-69-vs-laguna-paron/,https://www.perugrandtravel.com/blog/laguna-69-vs-laguna-paron/,87.0
https://www.perugrandtravel.com/blog/lima/best-time-to-visit-lima/,https://www.perugrandtravel.com/blog/best-time-to-visit-lima/,86.0
https://www.perugrandtravel.com/blog/lima/churches-in-the-center-of-lima/,https://www.perugrandtravel.com/blog/churches-in-the-center-of-lima/,82.0
https://www.perugrandtravel.com/blog/ica/things-to-do-in-ica/,https://www.perugrandtravel.com/blog/things-to-do-in-ica/,80.0
https://www.perugrandtravel.com/blog/cusco/altitude-sickness-in-cusco/,https://www.perugrandtravel.com/blog/altitude-sickness-in-cusco/,77.0
https://www.perugrandtravel.com/blog/puno/weather-in-puno-peru/,https://www.perugrandtravel.com/blog/weather-in-puno-peru/,76.0
https://www.perugrandtravel.com/blog/cusco/qhaswa-raymi-in-peru/,https://www.perugrandtravel.com/blog/qhaswa-raymi-in-peru/,76.0
https://www.perugrandtravel.com/blog/cusco/fascinating-cusco-curiosities/,https://www.perugrandtravel.com/blog/fascinating-cusco-curiosities/,75.0
https://www.perugrandtravel.com/blog/peru/where-to-buy-souvenirs-in-peru/,https://www.perugrandtravel.com/blog/where-to-buy-souvenirs-in-peru/,73.0
https://www.perugrandtravel.com/blog/lima/places-to-visit-in-the-center-of-lima/,https://www.perugrandtravel.com/blog/places-to-visit-in-the-center-of-lima/,70.0
https://www.perugrandtravel.com/blog/peru/documentation-required-to-travel-to-peru/,https://www.perugrandtravel.com/blog/documentation-required-to-travel-to-peru/,67.0
https://www.perugrandtravel.com/blog/cusco/interesting-facts-about-machu-picchu-on-your-travel/,https://www.perugrandtravel.com/blog/interesting-facts-about-machu-picchu-on-your-travel/,66.0
https://www.perugrandtravel.com/blog/arequipa/festivities-in-arequipa/,https://www.perugrandtravel.com/blog/festivities-in-arequipa/,65.0
https://www.perugrandtravel.com/blog/peru/south-american-camelids-similar-to-the-llama/,https://www.perugrandtravel.com/blog/south-american-camelids-similar-to-the-llama/,64.0
https://www.perugrandtravel.com/blog/cusco/cusco-festivals/,https://www.perugrandtravel.com/blog/cusco-festivals/,64.0
https://www.perugrandtravel.com/blog/peru/the-7-most-representative-species-of-peruvian-birds/,https://www.perugrandtravel.com/blog/the-7-most-representative-species-of-peruvian-birds/,63.0
https://www.perugrandtravel.com/blog/lima/what-to-do-in-barranco/,https://www.perugrandtravel.com/blog/what-to-do-in-barranco/,62.0
https://www.perugrandtravel.com/blog/peru/trujillo-marinera-festival/,https://www.perugrandtravel.com/blog/trujillo-marinera-festival/,60.0
https://www.perugrandtravel.com/blog/cusco/machu-picchu-and-the-mysticism-of-the-andes/,https://www.perugrandtravel.com/blog/machu-picchu-and-the-mysticism-of-the-andes/,59.0
https://www.perugrandtravel.com/blog/manu/easter-sunday-in-peru/,https://www.perugrandtravel.com/blog/easter-sunday-in-peru/,57.0
https://www.perugrandtravel.com/blog/cusco/traditional-cusco-carnival/,https://www.perugrandtravel.com/blog/traditional-cusco-carnival/,55.0
https://www.perugrandtravel.com/blog/lima/things-to-do-in-miraflores/,https://www.perugrandtravel.com/blog/things-to-do-in-miraflores/,54.0
https://www.perugrandtravel.com/blog/peru/traditional-ayacucho-carnival/,https://www.perugrandtravel.com/blog/traditional-ayacucho-carnival/,54.0
https://www.perugrandtravel.com/blog/peru/trujillo-peru-2026/,https://www.perugrandtravel.com/blog/trujillo-peru-2026/,53.0
https://www.perugrandtravel.com/blog/peru/rainy-season-in-peru/,https://www.perugrandtravel.com/blog/rainy-season-in-peru/,51.0
https://www.perugrandtravel.com/blog/lima/anniversary-of-lima-2026/,https://www.perugrandtravel.com/blog/anniversary-of-lima-2026/,51.0
https://www.perugrandtravel.com/blog/cusco/nightlife-in-cusco/,https://www.perugrandtravel.com/blog/nightlife-in-cusco/,50.0
https://www.perugrandtravel.com/blog/cusco/inca-trail-2-days-vs-4-days/,https://www.perugrandtravel.com/blog/inca-trail-2-days-vs-4-days/,49.0
https://www.perugrandtravel.com/blog/peru/cajamarca-carnival-peru-2026/,https://www.perugrandtravel.com/blog/cajamarca-carnival-peru-2026/,49.0
https://www.perugrandtravel.com/blog/peru/top-6-lima-parks/,https://www.perugrandtravel.com/blog/top-6-lima-parks/,47.0
https://www.perugrandtravel.com/blog/peru/trujillo-peru-weather/,https://www.perugrandtravel.com/blog/trujillo-peru-weather/,45.0
https://www.perugrandtravel.com/blog/cusco/flora-and-fauna-of-machu-picchu/,https://www.perugrandtravel.com/blog/flora-and-fauna-of-machu-picchu/,43.0
https://www.perugrandtravel.com/blog/peru/best-restaurants-in-trujillo-peru/,https://www.perugrandtravel.com/blog/best-restaurants-in-trujillo-peru/,42.0
https://www.perugrandtravel.com/blog/huaraz/huaraz-in-peru/,https://www.perugrandtravel.com/blog/huaraz-in-peru/,41.0
https://www.perugrandtravel.com/blog/peru/peruvian-pisco-2026/,https://www.perugrandtravel.com/blog/peruvian-pisco-2026/,41.0
https://www.perugrandtravel.com/blog/peru/carnival-in-peru/,https://www.perugrandtravel.com/blog/carnival-in-peru/,41.0
https://www.perugrandtravel.com/blog/peru/temples-in-peru-2026/,https://www.perugrandtravel.com/blog/temples-in-peru-2026/,39.0
https://www.perugrandtravel.com/blog/cusco/ausangate-7-lakes/,https://www.perugrandtravel.com/blog/ausangate-7-lakes/,38.0
https://www.perugrandtravel.com/blog/peru/seven-wonders-is-coming-to-machu-picchu/,https://www.perugrandtravel.com/blog/seven-wonders-is-coming-to-machu-picchu/,38.0
https://www.perugrandtravel.com/blog/cusco/temple-of-the-sun-in-peru/,https://www.perugrandtravel.com/blog/temple-of-the-sun-in-peru/,38.0
https://www.perugrandtravel.com/blog/cusco/my-journey-on-the-short-inca-trail-2-days-to-machu-picchu/,https://www.perugrandtravel.com/blog/my-journey-on-the-short-inca-trail-2-days-to-machu-picchu/,37.0
https://www.perugrandtravel.com/blog/puno/luxury-hotels-in-puno/,https://www.perugrandtravel.com/blog/luxury-hotels-in-puno/,36.0
https://www.perugrandtravel.com/blog/puno/discover-the-legends-of-lake-titicaca/,https://www.perugrandtravel.com/blog/discover-the-legends-of-lake-titicaca/,34.0
https://www.perugrandtravel.com/blog/cusco/andean-wedding/,https://www.perugrandtravel.com/blog/andean-wedding/,34.0
https://www.perugrandtravel.com/blog/puno/the-3-best-routes-to-get-to-puno/,https://www.perugrandtravel.com/blog/the-3-best-routes-to-get-to-puno/,34.0
https://www.perugrandtravel.com/blog/peru/peruvian-paso-horse/,https://www.perugrandtravel.com/blog/peruvian-paso-horse/,34.0
https://www.perugrandtravel.com/blog/peru/pisco-sour-day-2026-peru/,https://www.perugrandtravel.com/blog/pisco-sour-day-2026-peru/,34.0
https://www.perugrandtravel.com/blog/cusco/sanctuary-of-the-senor-de-huanca/,https://www.perugrandtravel.com/blog/sanctuary-of-the-senor-de-huanca/,33.0
https://www.perugrandtravel.com/blog/puerto-maldonado/best-time-to-travel-to-puerto-maldonado/,https://www.perugrandtravel.com/blog/best-time-to-travel-to-puerto-maldonado/,33.0
https://www.perugrandtravel.com/blog/puno/cathedral-of-puno/,https://www.perugrandtravel.com/blog/cathedral-of-puno/,33.0
https://www.perugrandtravel.com/blog/peru/holy-week-in-peru/,https://www.perugrandtravel.com/blog/holy-week-in-peru/,33.0
https://www.perugrandtravel.com/blog/arequipa/luxury-hotels-in-arequipa/,https://www.perugrandtravel.com/blog/luxury-hotels-in-arequipa/,33.0
https://www.perugrandtravel.com/blog/puno/food-in-puno/,https://www.perugrandtravel.com/blog/food-in-puno/,33.0
https://www.perugrandtravel.com/blog/cusco/markets-in-cusco/,https://www.perugrandtravel.com/blog/markets-in-cusco/,32.0
https://www.perugrandtravel.com/blog/ica/luxury-hotels-in-ica/,https://www.perugrandtravel.com/blog/luxury-hotels-in-ica/,31.0
https://www.perugrandtravel.com/blog/lima/beaches-of-lima-peru/,https://www.perugrandtravel.com/blog/beaches-of-lima-peru/,31.0
https://www.perugrandtravel.com/blog/cusco/chaski-inca-the-swift-messengers/,https://www.perugrandtravel.com/blog/chaski-inca-the-swift-messengers/,29.0
https://www.perugrandtravel.com/blog/cusco/short-inca-trail/,https://www.perugrandtravel.com/blog/short-inca-trail/,29.0
https://www.perugrandtravel.com/blog/cusco/visit-sacsayhuaman-peru/,https://www.perugrandtravel.com/blog/visit-sacsayhuaman-peru/,29.0
https://www.perugrandtravel.com/blog/cusco/luxury-hotels-in-sacred-valley/,https://www.perugrandtravel.com/blog/luxury-hotels-in-sacred-valley/,29.0
https://www.perugrandtravel.com/blog/peru/luxury-hotels-in-iquitos/,https://www.perugrandtravel.com/blog/luxury-hotels-in-iquitos/,29.0
https://www.perugrandtravel.com/blog/cusco/machu-picchu-tickets-sold-out/,https://www.perugrandtravel.com/blog/machu-picchu-tickets-sold-out/,29.0
https://www.perugrandtravel.com/blog/peru/halloween-and-creole-song/,https://www.perugrandtravel.com/blog/halloween-and-creole-song/,28.0
https://www.perugrandtravel.com/blog/lima/what-are-things-to-do-in-lima/,https://www.perugrandtravel.com/blog/what-are-things-to-do-in-lima/,28.0
https://www.perugrandtravel.com/blog/peru/churches-in-peru-2026/,https://www.perugrandtravel.com/blog/churches-in-peru-2026/,28.0
https://www.perugrandtravel.com/blog/peru/things-to-do-in-trujillo-2026/,https://www.perugrandtravel.com/blog/things-to-do-in-trujillo-2026/,28.0
https://www.perugrandtravel.com/blog/peru/peru-for-seniors-machu-picchu/,https://www.perugrandtravel.com/blog/peru-for-seniors-machu-picchu/,28.0
https://www.perugrandtravel.com/blog/peru/beaches-of-peru/,https://www.perugrandtravel.com/blog/beaches-of-peru/,28.0
https://www.perugrandtravel.com/blog/cusco/machu-picchu-circuit-2-vs-circuit-1/,https://www.perugrandtravel.com/blog/machu-picchu-circuit-2-vs-circuit-1/,28.0
https://www.perugrandtravel.com/blog/lima/best-restaurants-in-lima/,https://www.perugrandtravel.com/blog/best-restaurants-in-lima/,27.0
https://www.perugrandtravel.com/blog/cusco/legends-of-cusco/,https://www.perugrandtravel.com/blog/legends-of-cusco/,27.0
https://www.perugrandtravel.com/blog/amazonia/peruvian-jungle-packing-guide/,https://www.perugrandtravel.com/blog/peruvian-jungle-packing-guide/,27.0
https://www.perugrandtravel.com/blog/cusco/celebration-of-new-year-in-cusco/,https://www.perugrandtravel.com/blog/celebration-of-new-year-in-cusco/,27.0
https://www.perugrandtravel.com/blog/manu/experience-in-ica-paracas-lima/,https://www.perugrandtravel.com/blog/experience-in-ica-paracas-lima/,27.0
https://www.perugrandtravel.com/blog/luxury/luxury-hotels-in-lima-peru/,https://www.perugrandtravel.com/blog/luxury-hotels-in-lima-peru/,26.0
https://www.perugrandtravel.com/blog/puno/things-to-do-in-puno-2026/,https://www.perugrandtravel.com/blog/things-to-do-in-puno-2026/,26.0
https://www.perugrandtravel.com/blog/peru/tourist-attractions-in-trujillo/,https://www.perugrandtravel.com/blog/tourist-attractions-in-trujillo/,26.0
https://www.perugrandtravel.com/blog/cusco/coffee-shops-in-cusco/,https://www.perugrandtravel.com/blog/coffee-shops-in-cusco/,26.0
https://www.perugrandtravel.com/blog/cusco/rural-tourism-in-peru/,https://www.perugrandtravel.com/blog/rural-tourism-in-peru/,25.0
https://www.perugrandtravel.com/blog/cusco/packing-list-for-cusco/,https://www.perugrandtravel.com/blog/packing-list-for-cusco/,25.0
https://www.perugrandtravel.com/blog/peru/labor-day-holiday-in-peru/,https://www.perugrandtravel.com/blog/labor-day-holiday-in-peru/,25.0
https://www.perugrandtravel.com/blog/peru/andean-explorer-train/,https://www.perugrandtravel.com/blog/andean-explorer-train/,24.0
https://www.perugrandtravel.com/blog/luxury/luxury-hotels-in-peru-belmond/,https://www.perugrandtravel.com/blog/luxury-hotels-in-peru-belmond/,24.0
https://www.perugrandtravel.com/blog/cusco/colorful-mountains-in-peru/,https://www.perugrandtravel.com/blog/colorful-mountains-in-peru/,24.0
https://www.perugrandtravel.com/blog/peru/peruvian-street-food/,https://www.perugrandtravel.com/blog/peruvian-street-food/,23.0
https://www.perugrandtravel.com/blog/lima/10-places-to-go-in-lima-that-will-make-you-fall-in-love-with-the-city/,https://www.perugrandtravel.com/blog/10-places-to-go-in-lima-that-will-make-you-fall-in-love-with-the-city/,23.0
https://www.perugrandtravel.com/blog/cusco/mothers-day-in-peru/,https://www.perugrandtravel.com/blog/mothers-day-in-peru/,23.0
https://www.perugrandtravel.com/blog/cusco/cusco-in-couples/,https://www.perugrandtravel.com/blog/cusco-in-couples/,22.0
https://www.perugrandtravel.com/blog/cusco/7-most-famous-peruvian-festivals/,https://www.perugrandtravel.com/blog/7-most-famous-peruvian-festivals/,22.0
https://www.perugrandtravel.com/blog/cusco/lord-of-the-earthquakes-peru/,https://www.perugrandtravel.com/blog/lord-of-the-earthquakes-peru/,22.0
https://www.perugrandtravel.com/blog/peru/holy-week-traditions-in-peru/,https://www.perugrandtravel.com/blog/holy-week-traditions-in-peru/,22.0
https://www.perugrandtravel.com/blog/peru/what-to-wear-in-peru/,https://www.perugrandtravel.com/blog/what-to-wear-in-peru/,21.0
https://www.perugrandtravel.com/blog/puno/typical-foods-of-puno/,https://www.perugrandtravel.com/blog/typical-foods-of-puno/,20.0
https://www.perugrandtravel.com/blog/cusco/rainbow-mountain/,https://www.perugrandtravel.com/blog/rainbow-mountain/,20.0
https://www.perugrandtravel.com/blog/ica/activities-to-do-in-paracas-peru/,https://www.perugrandtravel.com/blog/activities-to-do-in-paracas-peru/,20.0
https://www.perugrandtravel.com/blog/peru/carnival-in-brazil-vs-carnival-in-peru/,https://www.perugrandtravel.com/blog/carnival-in-brazil-vs-carnival-in-peru/,20.0
https://www.perugrandtravel.com/blog/cusco/how-to-get-from-lima-to-cusco/,https://www.perugrandtravel.com/blog/how-to-get-from-lima-to-cusco/,19.0
https://www.perugrandtravel.com/blog/puno/virgin-of-candelaria-in-puno/,https://www.perugrandtravel.com/blog/virgin-of-candelaria-in-puno/,19.0
https://www.perugrandtravel.com/blog/cusco/top-5-cusco-streets/,https://www.perugrandtravel.com/blog/top-5-cusco-streets/,19.0
https://www.perugrandtravel.com/blog/peru/how-to-get-from-lima-cusco/,https://www.perugrandtravel.com/blog/how-to-get-from-lima-cusco/,19.0
https://www.perugrandtravel.com/blog/cusco/machu-picchu-butterfly-sanctuary/,https://www.perugrandtravel.com/blog/machu-picchu-butterfly-sanctuary/,19.0
https://www.perugrandtravel.com/blog/peru/when-is-summer-in-peru/,https://www.perugrandtravel.com/blog/when-is-summer-in-peru/,19.0
https://www.perugrandtravel.com/blog/cusco/lares-trek-peru-guide/,https://www.perugrandtravel.com/blog/lares-trek-peru-guide/,18.0
https://www.perugrandtravel.com/blog/cusco/where-is-machu-picchu/,https://www.perugrandtravel.com/blog/where-is-machu-picchu/,18.0
https://www.perugrandtravel.com/blog/peru/trip-to-peru-in-12-days/,https://www.perugrandtravel.com/blog/trip-to-peru-in-12-days/,18.0
https://www.perugrandtravel.com/blog/peru/10-peruvian-desserts/,https://www.perugrandtravel.com/blog/10-peruvian-desserts/,18.0
https://www.perugrandtravel.com/blog/cusco/best-places-to-visit-in-peru-with-kids/,https://www.perugrandtravel.com/blog/best-places-to-visit-in-peru-with-kids/,18.0
https://www.perugrandtravel.com/blog/cusco/5-museums-in-cusco/,https://www.perugrandtravel.com/blog/5-museums-in-cusco/,18.0
https://www.perugrandtravel.com/blog/puerto-maldonado/recommendations-puerto-maldonado-jungle/,https://www.perugrandtravel.com/blog/recommendations-puerto-maldonado-jungle/,17.0
https://www.perugrandtravel.com/blog/cusco/hidden-secrets-of-machu-picchu/,https://www.perugrandtravel.com/blog/hidden-secrets-of-machu-picchu/,17.0
https://www.perugrandtravel.com/blog/cusco/christmas-in-cusco-and-machupicchu/,https://www.perugrandtravel.com/blog/christmas-in-cusco-and-machupicchu/,17.0
https://www.perugrandtravel.com/blog/peru/places-to-travel-for-valentines-day/,https://www.perugrandtravel.com/blog/places-to-travel-for-valentines-day/,17.0
https://www.perugrandtravel.com/blog/puno/uros-floating-islands/,https://www.perugrandtravel.com/blog/uros-floating-islands/,16.0
https://www.perugrandtravel.com/blog/cusco/machu-picchu-one-day-tour/,https://www.perugrandtravel.com/blog/machu-picchu-one-day-tour/,16.0
https://www.perugrandtravel.com/blog/cusco/the-best-machu-picchu-circuits/,https://www.perugrandtravel.com/blog/the-best-machu-picchu-circuits/,16.0
https://www.perugrandtravel.com/blog/cusco/tips-palccoyo-peru/,https://www.perugrandtravel.com/blog/tips-palccoyo-peru/,15.0
https://www.perugrandtravel.com/blog/huaraz/lagoons-to-visit-in-huaraz-a-natural-paradise-in-the-andes/,https://www.perugrandtravel.com/blog/lagoons-to-visit-in-huaraz-a-natural-paradise-in-the-andes/,15.0
https://www.perugrandtravel.com/blog/amazonia/the-peruvian-jungle-tourist-packages-to-the-amazon/,https://www.perugrandtravel.com/blog/the-peruvian-jungle-tourist-packages-to-the-amazon/,15.0
https://www.perugrandtravel.com/blog/peru/10-peruvian-dishes/,https://www.perugrandtravel.com/blog/10-peruvian-dishes/,15.0
https://www.perugrandtravel.com/blog/ica/ballestas-islands-peru/,https://www.perugrandtravel.com/blog/ballestas-islands-peru/,15.0
https://www.perugrandtravel.com/blog/peru/peru-travel-tips/,https://www.perugrandtravel.com/blog/peru-travel-tips/,15.0
https://www.perugrandtravel.com/blog/cusco/why-is-machu-picchu-famous/,https://www.perugrandtravel.com/blog/why-is-machu-picchu-famous/,15.0
https://www.perugrandtravel.com/blog/peru/museums-in-peru/,https://www.perugrandtravel.com/blog/museums-in-peru/,15.0
https://www.perugrandtravel.com/blog/cusco/winay-wayna/,https://www.perugrandtravel.com/blog/winay-wayna/,14.0
https://www.perugrandtravel.com/blog/lima/tourist-places-of-the-peruvian-coast/,https://www.perugrandtravel.com/blog/tourist-places-of-the-peruvian-coast/,14.0
https://www.perugrandtravel.com/blog/amazonia/tourist-places-in-puerto-maldonado/,https://www.perugrandtravel.com/blog/tourist-places-in-puerto-maldonado/,14.0
https://www.perugrandtravel.com/blog/cusco/qeswachaka-the-inca-bridge/,https://www.perugrandtravel.com/blog/qeswachaka-the-inca-bridge/,14.0
https://www.perugrandtravel.com/blog/luxury/best-hotels-to-stay-in-cusco/,https://www.perugrandtravel.com/blog/best-hotels-to-stay-in-cusco/,14.0
https://www.perugrandtravel.com/blog/peru/world-wildlife-day-in-peru/,https://www.perugrandtravel.com/blog/world-wildlife-day-in-peru/,14.0
https://www.perugrandtravel.com/blog/puno/visit-juli-puno-peru/,https://www.perugrandtravel.com/blog/visit-juli-puno-peru/,14.0
https://www.perugrandtravel.com/blog/cusco/centro-qosqo-de-arte-nativo/,https://www.perugrandtravel.com/blog/centro-qosqo-de-arte-nativo/,14.0
https://www.perugrandtravel.com/blog/cusco/machu-picchu-in-december/,https://www.perugrandtravel.com/blog/machu-picchu-in-december/,13.0
https://www.perugrandtravel.com/blog/nazca/the-ia-unearths-303-new-figures-in-nazca/,https://www.perugrandtravel.com/blog/the-ia-unearths-303-new-figures-in-nazca/,13.0
https://www.perugrandtravel.com/blog/puno/what-to-see-in-puno/,https://www.perugrandtravel.com/blog/what-to-see-in-puno/,13.0
https://www.perugrandtravel.com/blog/puno/main-square-of-puno/,https://www.perugrandtravel.com/blog/main-square-of-puno/,13.0
https://www.perugrandtravel.com/blog/peru/tourist-tickets-in-peru/,https://www.perugrandtravel.com/blog/tourist-tickets-in-peru/,13.0
https://www.perugrandtravel.com/blog/cusco/religious-tourist-ticket-cusco/,https://www.perugrandtravel.com/blog/religious-tourist-ticket-cusco/,13.0
https://www.perugrandtravel.com/blog/cusco/half-day-tours-from-cusco-peru/,https://www.perugrandtravel.com/blog/half-day-tours-from-cusco-peru/,13.0
https://www.perugrandtravel.com/blog/cusco/hotels-in-cusco/,https://www.perugrandtravel.com/blog/hotels-in-cusco/,12.0
https://www.perugrandtravel.com/blog/cusco/salkantay-trek-packing-list/,https://www.perugrandtravel.com/blog/salkantay-trek-packing-list/,12.0
https://www.perugrandtravel.com/blog/cusco/choquequirao-trek-to-machu-picchu/,https://www.perugrandtravel.com/blog/choquequirao-trek-to-machu-picchu/,12.0
https://www.perugrandtravel.com/blog/luxury/luxury-train-to-machu-picchu/,https://www.perugrandtravel.com/blog/luxury-train-to-machu-picchu/,12.0
https://www.perugrandtravel.com/blog/puno/sillustani-tombs-peru/,https://www.perugrandtravel.com/blog/sillustani-tombs-peru/,12.0
https://www.perugrandtravel.com/blog/peru/things-to-do-in-peru-2026/,https://www.perugrandtravel.com/blog/things-to-do-in-peru-2026/,12.0
https://www.perugrandtravel.com/blog/peru/treks-in-peru/,https://www.perugrandtravel.com/blog/treks-in-peru/,12.0
https://www.perugrandtravel.com/blog/peru/alpaca-clothes-peru/,https://www.perugrandtravel.com/blog/alpaca-clothes-peru/,12.0
https://www.perugrandtravel.com/blog/cusco/machu-picchu-circuit-3-vs-circuit-1/,https://www.perugrandtravel.com/blog/machu-picchu-circuit-3-vs-circuit-1/,12.0
https://www.perugrandtravel.com/blog/cusco/festivals-and-holidays-in-peru/,https://www.perugrandtravel.com/blog/festivals-and-holidays-in-peru/,11.0
https://www.perugrandtravel.com/blog/cusco/what-to-see-in-cusco-in-3-days-a-complete-guide-for-travelers-with-limited-time/,https://www.perugrandtravel.com/blog/what-to-see-in-cusco-in-3-days-a-complete-guide-for-travelers-with-limited-time/,11.0
https://www.perugrandtravel.com/blog/ica/huacachina-oasis-peruvian/,https://www.perugrandtravel.com/blog/huacachina-oasis-peruvian/,11.0
https://www.perugrandtravel.com/blog/peru/peruvian-drinks/,https://www.perugrandtravel.com/blog/peruvian-drinks/,11.0
https://www.perugrandtravel.com/blog/peru/hot-springs-in-peru/,https://www.perugrandtravel.com/blog/hot-springs-in-peru/,11.0
https://www.perugrandtravel.com/blog/peru/7-days-in-peru-lima-cusco-and-puno/,https://www.perugrandtravel.com/blog/7-days-in-peru-lima-cusco-and-puno/,11.0
https://www.perugrandtravel.com/blog/puno/floating-island-of-uros/,https://www.perugrandtravel.com/blog/floating-island-of-uros/,11.0
https://www.perugrandtravel.com/blog/peru/foundation-of-trujillo-peru-2026/,https://www.perugrandtravel.com/blog/foundation-of-trujillo-peru-2026/,11.0
https://www.perugrandtravel.com/blog/lima/food-in-lima/,https://www.perugrandtravel.com/blog/food-in-lima/,11.0
https://www.perugrandtravel.com/blog/cusco/what-to-do-in-aguas-calientes/,https://www.perugrandtravel.com/blog/what-to-do-in-aguas-calientes/,10.0
https://www.perugrandtravel.com/blog/cusco/machu-picchu-tourist-attractions/,https://www.perugrandtravel.com/blog/machu-picchu-tourist-attractions/,10.0
https://www.perugrandtravel.com/blog/cusco/best-restaurants-in-aguas-calientes/,https://www.perugrandtravel.com/blog/best-restaurants-in-aguas-calientes/,10.0
https://www.perugrandtravel.com/blog/cusco/how-to-enjoy-the-salkantay-trek-4-days/,https://www.perugrandtravel.com/blog/how-to-enjoy-the-salkantay-trek-4-days/,10.0
https://www.perugrandtravel.com/blog/arequipa/guide-to-things-to-do-in-arequipa/,https://www.perugrandtravel.com/blog/guide-to-things-to-do-in-arequipa/,10.0
https://www.perugrandtravel.com/blog/cusco/inca-trail-4-days/,https://www.perugrandtravel.com/blog/inca-trail-4-days/,10.0
https://www.perugrandtravel.com/blog/cusco/church-of-andahuaylillas-cusco/,https://www.perugrandtravel.com/blog/church-of-andahuaylillas-cusco/,10.0
https://www.perugrandtravel.com/blog/peru/international-womens-day/,https://www.perugrandtravel.com/blog/international-womens-day/,10.0
https://www.perugrandtravel.com/blog/cusco/luxury-hotels-in-aguas-calientes/,https://www.perugrandtravel.com/blog/luxury-hotels-in-aguas-calientes/,10.0
https://www.perugrandtravel.com/blog/cusco/vinicunca-vs-palccoyo/,https://www.perugrandtravel.com/blog/vinicunca-vs-palccoyo/,10.0
https://www.perugrandtravel.com/blog/peru/things-to-do-in-iquitos/,https://www.perugrandtravel.com/blog/things-to-do-in-iquitos/,10.0
https://www.perugrandtravel.com/blog/arequipa/how-to-get-to-arequipa/,https://www.perugrandtravel.com/blog/how-to-get-to-arequipa/,9.0
https://www.perugrandtravel.com/blog/peru/when-are-grapes-harvested/,https://www.perugrandtravel.com/blog/when-are-grapes-harvested/,9.0
https://www.perugrandtravel.com/blog/cusco/machu-picchu-mountain/,https://www.perugrandtravel.com/blog/machu-picchu-mountain/,8.0
https://www.perugrandtravel.com/blog/lima/museums-in-lima/,https://www.perugrandtravel.com/blog/museums-in-lima/,8.0
https://www.perugrandtravel.com/blog/cusco/inti-raymi/,https://www.perugrandtravel.com/blog/inti-raymi/,8.0
https://www.perugrandtravel.com/blog/peru/temples-and-cathedrals-in-peru/,https://www.perugrandtravel.com/blog/temples-and-cathedrals-in-peru/,8.0
https://www.perugrandtravel.com/blog/cusco/inca-trail-2-days/,https://www.perugrandtravel.com/blog/inca-trail-2-days/,8.0
https://www.perugrandtravel.com/blog/cusco/andean-baroque-tour-cusco/,https://www.perugrandtravel.com/blog/andean-baroque-tour-cusco/,8.0
https://www.perugrandtravel.com/blog/ica/fun-things-to-do-in-ica-peru/,https://www.perugrandtravel.com/blog/fun-things-to-do-in-ica-peru/,8.0
https://www.perugrandtravel.com/blog/peru/experience-rural-tourism-in-peru/,https://www.perugrandtravel.com/blog/experience-rural-tourism-in-peru/,8.0
https://www.perugrandtravel.com/blog/cusco/machu-picchu-circuit-2-vs-circuit-3/,https://www.perugrandtravel.com/blog/machu-picchu-circuit-2-vs-circuit-3/,8.0
https://www.perugrandtravel.com/blog/cusco/main-festivities-in-cusco-you-cant-miss/,https://www.perugrandtravel.com/blog/main-festivities-in-cusco-you-cant-miss/,7.0
https://www.perugrandtravel.com/blog/arequipa/restaurants-in-arequipa/,https://www.perugrandtravel.com/blog/restaurants-in-arequipa/,7.0
https://www.perugrandtravel.com/blog/puerto-maldonado/family-tourism-puerto-maldonado/,https://www.perugrandtravel.com/blog/family-tourism-puerto-maldonado/,7.0
https://www.perugrandtravel.com/blog/cusco/waqrapukara/,https://www.perugrandtravel.com/blog/waqrapukara/,7.0
https://www.perugrandtravel.com/blog/puno/what-to-do-in-puno/,https://www.perugrandtravel.com/blog/what-to-do-in-puno/,7.0
https://www.perugrandtravel.com/blog/cusco/top-5-viewpoints-cusco/,https://www.perugrandtravel.com/blog/top-5-viewpoints-cusco/,7.0
https://www.perugrandtravel.com/blog/cusco/inca-trail-to-machu-picchu-guide-2026/,https://www.perugrandtravel.com/blog/inca-trail-to-machu-picchu-guide-2026/,7.0
https://www.perugrandtravel.com/blog/puno/discover-pomata-puno-peru/,https://www.perugrandtravel.com/blog/discover-pomata-puno-peru/,7.0
https://www.perugrandtravel.com/blog/puno/hotels-in-puno-peru/,https://www.perugrandtravel.com/blog/hotels-in-puno-peru/,7.0
https://www.perugrandtravel.com/blog/peru/family-packages-to-peru/,https://www.perugrandtravel.com/blog/family-packages-to-peru/,7.0
https://www.perugrandtravel.com/blog/puno/popular-museums-in-puno/,https://www.perugrandtravel.com/blog/popular-museums-in-puno/,7.0
https://www.perugrandtravel.com/blog/peru/when-to-travel-to-peru/,https://www.perugrandtravel.com/blog/when-to-travel-to-peru/,7.0
https://www.perugrandtravel.com/blog/lima/half-day-tour-in-lima/,https://www.perugrandtravel.com/blog/half-day-tour-in-lima/,7.0
https://www.perugrandtravel.com/blog/cusco/food-in-machu-picchu/,https://www.perugrandtravel.com/blog/food-in-machu-picchu/,7.0
https://www.perugrandtravel.com/blog/peru/quelccaya-glacier/,https://www.perugrandtravel.com/blog/quelccaya-glacier/,7.0
https://www.perugrandtravel.com/blog/cusco/trains-to-machu-picchu/,https://www.perugrandtravel.com/blog/trains-to-machu-picchu/,6.0
https://www.perugrandtravel.com/blog/cusco/choquequirao-how-to-get-there/,https://www.perugrandtravel.com/blog/choquequirao-how-to-get-there/,6.0
https://www.perugrandtravel.com/blog/cusco/holy-week-in-cusco/,https://www.perugrandtravel.com/blog/holy-week-in-cusco/,6.0
https://www.perugrandtravel.com/blog/cusco/birdwatching-in-machu-picchu/,https://www.perugrandtravel.com/blog/birdwatching-in-machu-picchu/,6.0
https://www.perugrandtravel.com/blog/cusco/what-to-see-in-lima-and-cusco-in-9-days-complete-guide-for-an-unforgettable-trip/,https://www.perugrandtravel.com/blog/what-to-see-in-lima-and-cusco-in-9-days-complete-guide-for-an-unforgettable-trip/,6.0
https://www.perugrandtravel.com/blog/cusco/how-to-have-a-perfect-picnic-with-llamas/,https://www.perugrandtravel.com/blog/how-to-have-a-perfect-picnic-with-llamas/,6.0
https://www.perugrandtravel.com/blog/puno/things-to-do-in-lake-titicaca/,https://www.perugrandtravel.com/blog/things-to-do-in-lake-titicaca/,6.0
https://www.perugrandtravel.com/blog/puno/inca-uyo-peru/,https://www.perugrandtravel.com/blog/inca-uyo-peru/,6.0
https://www.perugrandtravel.com/blog/peru/how-many-days-to-stay-in-peru/,https://www.perugrandtravel.com/blog/how-many-days-to-stay-in-peru/,6.0
https://www.perugrandtravel.com/blog/peru/peru-in-april/,https://www.perugrandtravel.com/blog/peru-in-april/,6.0
https://www.perugrandtravel.com/blog/peru/peruvian-food/,https://www.perugrandtravel.com/blog/peruvian-food/,6.0
https://www.perugrandtravel.com/blog/cusco/textile-museums-in-cusco/,https://www.perugrandtravel.com/blog/textile-museums-in-cusco/,6.0
https://www.perugrandtravel.com/blog/cusco/inti-raymi-festival/,https://www.perugrandtravel.com/blog/inti-raymi-festival/,5.0
https://www.perugrandtravel.com/blog/cusco/options-for-discovering-peru-in-10-days/,https://www.perugrandtravel.com/blog/options-for-discovering-peru-in-10-days/,5.0
https://www.perugrandtravel.com/blog/cusco/cusco-luxury/,https://www.perugrandtravel.com/blog/cusco-luxury/,5.0
https://www.perugrandtravel.com/blog/cusco/4-days-on-the-inca-trail/,https://www.perugrandtravel.com/blog/4-days-on-the-inca-trail/,5.0
https://www.perugrandtravel.com/blog/peru/the-best-time-to-visit-peru/,https://www.perugrandtravel.com/blog/the-best-time-to-visit-peru/,5.0
https://www.perugrandtravel.com/blog/cusco/train-from-cusco-to-machu-picchu/,https://www.perugrandtravel.com/blog/train-from-cusco-to-machu-picchu/,5.0
https://www.perugrandtravel.com/blog/amazonia/hotels-in-tambopata/,https://www.perugrandtravel.com/blog/hotels-in-tambopata/,5.0
https://www.perugrandtravel.com/blog/peru/colca-canyon/,https://www.perugrandtravel.com/blog/colca-canyon/,5.0
https://www.perugrandtravel.com/blog/cusco/visit-machu-picchu/,https://www.perugrandtravel.com/blog/visit-machu-picchu/,5.0
https://www.perugrandtravel.com/blog/peru/vacation-in-peru/,https://www.perugrandtravel.com/blog/vacation-in-peru/,5.0
https://www.perugrandtravel.com/blog/peru/cathedrals-of-peru/,https://www.perugrandtravel.com/blog/cathedrals-of-peru/,5.0
https://www.perugrandtravel.com/blog/cusco/things-to-do-in-sacred-valley/,https://www.perugrandtravel.com/blog/things-to-do-in-sacred-valley/,5.0
https://www.perugrandtravel.com/blog/lima/traditional-peruvian-dishes/,https://www.perugrandtravel.com/blog/traditional-peruvian-dishes/,4.0
https://www.perugrandtravel.com/blog/cusco/machu-picchu-town/,https://www.perugrandtravel.com/blog/machu-picchu-town/,4.0
https://www.perugrandtravel.com/blog/lima/best-things-to-see-in-lima/,https://www.perugrandtravel.com/blog/best-things-to-see-in-lima/,4.0
https://www.perugrandtravel.com/blog/luxury/luxury-trip-to-peru/,https://www.perugrandtravel.com/blog/luxury-trip-to-peru/,4.0
https://www.perugrandtravel.com/blog/cusco/machu-picchu-tours-from-cusco/,https://www.perugrandtravel.com/blog/machu-picchu-tours-from-cusco/,4.0
https://www.perugrandtravel.com/blog/peru/half-day-tours-in-peru/,https://www.perugrandtravel.com/blog/half-day-tours-in-peru/,4.0
https://www.perugrandtravel.com/blog/cusco/lares-trek-vs-ausangate-trek/,https://www.perugrandtravel.com/blog/lares-trek-vs-ausangate-trek/,4.0
https://www.perugrandtravel.com/blog/huaraz/santa-cruz-trek/,https://www.perugrandtravel.com/blog/santa-cruz-trek/,4.0
https://www.perugrandtravel.com/blog/peru/labor-day-travel-to-peru/,https://www.perugrandtravel.com/blog/labor-day-travel-to-peru/,4.0
https://www.perugrandtravel.com/blog/puno/puno-tourist-attractions/,https://www.perugrandtravel.com/blog/puno-tourist-attractions/,3.0
https://www.perugrandtravel.com/blog/cusco/inca-trail-faq/,https://www.perugrandtravel.com/blog/inca-trail-faq/,3.0
https://www.perugrandtravel.com/blog/lima/best-food-in-lima/,https://www.perugrandtravel.com/blog/best-food-in-lima/,3.0
https://www.perugrandtravel.com/blog/lima/tourist-places-in-lima/,https://www.perugrandtravel.com/blog/tourist-places-in-lima/,3.0
https://www.perugrandtravel.com/blog/cusco/frequently-asked-questions-machupicchu-circuits/,https://www.perugrandtravel.com/blog/frequently-asked-questions-machupicchu-circuits/,3.0
https://www.perugrandtravel.com/blog/puno/family-tourism-in-puno/,https://www.perugrandtravel.com/blog/family-tourism-in-puno/,3.0
https://www.perugrandtravel.com/blog/cusco/sacred-valley-and-machu-picchu-in-2-days/,https://www.perugrandtravel.com/blog/sacred-valley-and-machu-picchu-in-2-days/,3.0
https://www.perugrandtravel.com/blog/cusco/discover-the-wonders-of-the-andean-mountains-an-epic-11-day-adventure/,https://www.perugrandtravel.com/blog/discover-the-wonders-of-the-andean-mountains-an-epic-11-day-adventure/,3.0
https://www.perugrandtravel.com/blog/cusco/best-time-to-visit-machu-picchu/,https://www.perugrandtravel.com/blog/best-time-to-visit-machu-picchu/,3.0
https://www.perugrandtravel.com/blog/cusco/cusco-and-the-sacred-valley-of-the-incas/,https://www.perugrandtravel.com/blog/cusco-and-the-sacred-valley-of-the-incas/,3.0
https://www.perugrandtravel.com/blog/peru/7-day-trip-to-peru/,https://www.perugrandtravel.com/blog/7-day-trip-to-peru/,3.0
https://www.perugrandtravel.com/blog/luxury/machu-picchu-luxury-tours/,https://www.perugrandtravel.com/blog/machu-picchu-luxury-tours/,3.0
https://www.perugrandtravel.com/blog/luxury/luxury-hotel-paracas/,https://www.perugrandtravel.com/blog/luxury-hotel-paracas/,3.0
https://www.perugrandtravel.com/blog/cusco/treks-to-machu-picchu-2026/,https://www.perugrandtravel.com/blog/treks-to-machu-picchu-2026/,3.0
https://www.perugrandtravel.com/blog/puno/pino-park-in-puno-peru/,https://www.perugrandtravel.com/blog/pino-park-in-puno-peru/,3.0
https://www.perugrandtravel.com/blog/puno/pukara-lithic-museum-in-peru/,https://www.perugrandtravel.com/blog/pukara-lithic-museum-in-peru/,3.0
https://www.perugrandtravel.com/blog/peru/peru-packages/,https://www.perugrandtravel.com/blog/peru-packages/,3.0
https://www.perugrandtravel.com/blog/peru/cheapest-time-to-visit-peru/,https://www.perugrandtravel.com/blog/cheapest-time-to-visit-peru/,3.0
https://www.perugrandtravel.com/blog/peru/food-tours-in-peru/,https://www.perugrandtravel.com/blog/food-tours-in-peru/,3.0
https://www.perugrandtravel.com/blog/peru/experiential-destinations-in-peru/,https://www.perugrandtravel.com/blog/experiential-destinations-in-peru/,3.0
https://www.perugrandtravel.com/blog/cusco/best-hotels-in-the-sacred-valley/,https://www.perugrandtravel.com/blog/best-hotels-in-the-sacred-valley/,3.0
https://www.perugrandtravel.com/blog/cusco/huayna-picchu-mountain/,https://www.perugrandtravel.com/blog/huayna-picchu-mountain/,2.0
https://www.perugrandtravel.com/blog/cusco/best-time-to-do-the-inca-trail/,https://www.perugrandtravel.com/blog/best-time-to-do-the-inca-trail/,2.0
https://www.perugrandtravel.com/blog/cusco/laguna-humantay-cusco/,https://www.perugrandtravel.com/blog/laguna-humantay-cusco/,2.0
https://www.perugrandtravel.com/blog/cusco/tips-for-doing-the-salkantay-trek/,https://www.perugrandtravel.com/blog/tips-for-doing-the-salkantay-trek/,2.0
https://www.perugrandtravel.com/blog/lima/lima-tourist-attractions/,https://www.perugrandtravel.com/blog/lima-tourist-attractions/,2.0
https://www.perugrandtravel.com/blog/cusco/tips-rainbow-mountain-peru/,https://www.perugrandtravel.com/blog/tips-rainbow-mountain-peru/,2.0
https://www.perugrandtravel.com/blog/cusco/best-food-in-cusco/,https://www.perugrandtravel.com/blog/best-food-in-cusco/,2.0
https://www.perugrandtravel.com/blog/lima/what-to-see-in-peru/,https://www.perugrandtravel.com/blog/what-to-see-in-peru/,2.0
https://www.perugrandtravel.com/blog/lima/what-to-see-and-do-in-lima/,https://www.perugrandtravel.com/blog/what-to-see-and-do-in-lima/,2.0
https://www.perugrandtravel.com/blog/cusco/discover-the-irresistible-reasons-to-visit-cusco/,https://www.perugrandtravel.com/blog/discover-the-irresistible-reasons-to-visit-cusco/,2.0
https://www.perugrandtravel.com/blog/arequipa/historic-arequipa-center/,https://www.perugrandtravel.com/blog/historic-arequipa-center/,2.0
https://www.perugrandtravel.com/blog/cusco/discover-machu-picchu-with-family/,https://www.perugrandtravel.com/blog/discover-machu-picchu-with-family/,2.0
https://www.perugrandtravel.com/blog/cusco/photography-tips-in-machu-picchu/,https://www.perugrandtravel.com/blog/photography-tips-in-machu-picchu/,2.0
https://www.perugrandtravel.com/blog/cusco/cusco-travel-guide/,https://www.perugrandtravel.com/blog/cusco-travel-guide/,2.0
https://www.perugrandtravel.com/blog/cusco/machu-picchu-in-5-days/,https://www.perugrandtravel.com/blog/machu-picchu-in-5-days/,2.0
https://www.perugrandtravel.com/blog/cusco/instagrammable-tourist-spots-in-cusco/,https://www.perugrandtravel.com/blog/instagrammable-tourist-spots-in-cusco/,2.0
https://www.perugrandtravel.com/blog/cusco/luxury-machu-picchu-in-10-days/,https://www.perugrandtravel.com/blog/luxury-machu-picchu-in-10-days/,2.0
https://www.perugrandtravel.com/blog/peru/one-week-in-peru/,https://www.perugrandtravel.com/blog/one-week-in-peru/,2.0
https://www.perugrandtravel.com/blog/cusco/machu-picchu-mountain-peru/,https://www.perugrandtravel.com/blog/machu-picchu-mountain-peru/,2.0
https://www.perugrandtravel.com/blog/peru/honeymoon-in-peru/,https://www.perugrandtravel.com/blog/honeymoon-in-peru/,2.0
https://www.perugrandtravel.com/blog/cusco/how-do-you-get-from-cusco-to-machu-picchu/,https://www.perugrandtravel.com/blog/how-do-you-get-from-cusco-to-machu-picchu/,2.0
https://www.perugrandtravel.com/blog/peru/tourism-in-peru/,https://www.perugrandtravel.com/blog/tourism-in-peru/,2.0
https://www.perugrandtravel.com/blog/puno/carlos-dreyer-museum-puno/,https://www.perugrandtravel.com/blog/carlos-dreyer-museum-puno/,2.0
https://www.perugrandtravel.com/blog/puno/san-juan-bautista-church-puno/,https://www.perugrandtravel.com/blog/san-juan-bautista-church-puno/,2.0
https://www.perugrandtravel.com/blog/arequipa/arequipa-half-day-tours/,https://www.perugrandtravel.com/blog/arequipa-half-day-tours/,2.0
https://www.perugrandtravel.com/blog/peru/best-restaurant-in-peru/,https://www.perugrandtravel.com/blog/best-restaurant-in-peru/,2.0
https://www.perugrandtravel.com/blog/arequipa/know-arequipas-altitude/,https://www.perugrandtravel.com/blog/know-arequipas-altitude/,2.0
https://www.perugrandtravel.com/blog/huaraz/laguna-69/,https://www.perugrandtravel.com/blog/laguna-69/,2.0
https://www.perugrandtravel.com/blog/cusco/seven-streets-of-cusco/,https://www.perugrandtravel.com/blog/seven-streets-of-cusco/,2.0
https://www.perugrandtravel.com/blog/cusco/tipon-archaeological-site/,https://www.perugrandtravel.com/blog/tipon-archaeological-site/,2.0
https://www.perugrandtravel.com/blog/cusco/christmas-fair-in-cusco/,https://www.perugrandtravel.com/blog/christmas-fair-in-cusco/,1.0
https://www.perugrandtravel.com/blog/cusco/physical-preparation-for-the-salkantay-trek/,https://www.perugrandtravel.com/blog/physical-preparation-for-the-salkantay-trek/,1.0
https://www.perugrandtravel.com/blog/paracas/best-beaches-in-peru/,https://www.perugrandtravel.com/blog/best-beaches-in-peru/,1.0
https://www.perugrandtravel.com/blog/cusco/tickets-to-machu-picchu/,https://www.perugrandtravel.com/blog/tickets-to-machu-picchu/,1.0
https://www.perugrandtravel.com/blog/huaraz/things-to-do-in-huaraz/,https://www.perugrandtravel.com/blog/things-to-do-in-huaraz/,1.0
https://www.perugrandtravel.com/blog/cusco/trekking-in-peru/,https://www.perugrandtravel.com/blog/trekking-in-peru/,1.0
https://www.perugrandtravel.com/blog/arequipa/arequipa-food-cuisine/,https://www.perugrandtravel.com/blog/arequipa-food-cuisine/,1.0
https://www.perugrandtravel.com/blog/cusco/reasons-to-visit-machu-picchu/,https://www.perugrandtravel.com/blog/reasons-to-visit-machu-picchu/,1.0
https://www.perugrandtravel.com/blog/cusco/restaurants-in-cusco/,https://www.perugrandtravel.com/blog/restaurants-in-cusco/,1.0
https://www.perugrandtravel.com/blog/cusco/sacred-valley-ruins/,https://www.perugrandtravel.com/blog/sacred-valley-ruins/,1.0
https://www.perugrandtravel.com/blog/amazonia/tourist-attractions-peruvian-jungle/,https://www.perugrandtravel.com/blog/tourist-attractions-peruvian-jungle/,1.0
https://www.perugrandtravel.com/blog/cusco/discover-the-best-ways-to-get-to-machu-picchu-from-cusco/,https://www.perugrandtravel.com/blog/discover-the-best-ways-to-get-to-machu-picchu-from-cusco/,1.0
https://www.perugrandtravel.com/blog/lima/tips-for-traveling-to-lima/,https://www.perugrandtravel.com/blog/tips-for-traveling-to-lima/,1.0
https://www.perugrandtravel.com/blog/cusco/recommendations-for-traveling-to-cusco/,https://www.perugrandtravel.com/blog/recommendations-for-traveling-to-cusco/,1.0
https://www.perugrandtravel.com/blog/cusco/new-circuits-in-machu-picchu/,https://www.perugrandtravel.com/blog/new-circuits-in-machu-picchu/,1.0
https://www.perugrandtravel.com/blog/cusco/discover-the-culture-of-cusco/,https://www.perugrandtravel.com/blog/discover-the-culture-of-cusco/,1.0
https://www.perugrandtravel.com/blog/cusco/best-places-to-visit-cusco/,https://www.perugrandtravel.com/blog/best-places-to-visit-cusco/,1.0
https://www.perugrandtravel.com/blog/cusco/the-top-3-hikes-in-cusco/,https://www.perugrandtravel.com/blog/the-top-3-hikes-in-cusco/,1.0
https://www.perugrandtravel.com/blog/peru/ceviche-peru-in-10-days/,https://www.perugrandtravel.com/blog/ceviche-peru-in-10-days/,1.0
https://www.perugrandtravel.com/blog/puno/10-amazing-places-to-visit-in-peru/,https://www.perugrandtravel.com/blog/10-amazing-places-to-visit-in-peru/,1.0
https://www.perugrandtravel.com/blog/cusco/best-things-to-do-in-cusco/,https://www.perugrandtravel.com/blog/best-things-to-do-in-cusco/,1.0
https://www.perugrandtravel.com/blog/peru/is-it-safe-to-go-to-peru/,https://www.perugrandtravel.com/blog/is-it-safe-to-go-to-peru/,1.0
https://www.perugrandtravel.com/blog/cusco/huayna-picchu/,https://www.perugrandtravel.com/blog/huayna-picchu/,1.0
https://www.perugrandtravel.com/blog/cusco/what-to-visit-in-cusco/,https://www.perugrandtravel.com/blog/what-to-visit-in-cusco/,1.0
https://www.perugrandtravel.com/blog/luxury/luxury-travel-experiences/,https://www.perugrandtravel.com/blog/luxury-travel-experiences/,1.0
https://www.perugrandtravel.com/blog/peru/valentines-day-travel-ideas/,https://www.perugrandtravel.com/blog/valentines-day-travel-ideas/,1.0
https://www.perugrandtravel.com/blog/puno/temple-of-the-merced-in-puno/,https://www.perugrandtravel.com/blog/temple-of-the-merced-in-puno/,1.0
https://www.perugrandtravel.com/blog/cusco/luxury-hotels-in-cusco/,https://www.perugrandtravel.com/blog/luxury-hotels-in-cusco/,1.0
https://www.perugrandtravel.com/blog/peru/travel-for-day-mom-to-peru/,https://www.perugrandtravel.com/blog/travel-for-day-mom-to-peru/,1.0
https://www.perugrandtravel.com/blog/lima/family-packages-to-lima/,https://www.perugrandtravel.com/blog/family-packages-to-lima/,1.0
https://www.perugrandtravel.com/blog/cusco/museums-in-machu-picchu/,https://www.perugrandtravel.com/blog/museums-in-machu-picchu/,1.0
https://www.perugrandtravel.com/blog/peru/trips-adventure-for-holy-week/,https://www.perugrandtravel.com/blog/trips-adventure-for-holy-week/,1.0
https://www.perugrandtravel.com/blog/cusco/things-to-do-in-machu-picchu/,https://www.perugrandtravel.com/blog/things-to-do-in-machu-picchu/,1.0
https://www.perugrandtravel.com/blog/peru/peru-tours/,https://www.perugrandtravel.com/blog/peru-tours/,1.0
https://www.perugrandtravel.com/blog/cusco/atv-tours-in-cusco/,https://www.perugrandtravel.com/blog/atv-tours-in-cusco/,1.0
https://www.perugrandtravel.com/blog/peru/the-best-time-of-year-to-visit-peru/,https://www.perugrandtravel.com/blog/the-best-time-of-year-to-visit-peru/,1.0
https://www.perugrandtravel.com/blog/cusco/things-to-do-in-ollantaytambo/,https://www.perugrandtravel.com/blog/things-to-do-in-ollantaytambo/,1.0
https://www.perugrandtravel.com/blog/peru/andean-art/,https://www.perugrandtravel.com/blog/andean-art/,1.0
https://www.perugrandtravel.com/blog/cusco/vinicunca-elevation/,https://www.perugrandtravel.com/blog/vinicunca-elevation/,1.0
https://www.perugrandtravel.com/blog/cusco/inca-trail-sold-out/,https://www.perugrandtravel.com/blog/inca-trail-sold-out/,1.0
https://www.perugrandtravel.com/blog/peru/traditional-dances-of-peru/,https://www.perugrandtravel.com/blog/traditional-dances-of-peru/,1.0
https://www.perugrandtravel.com/blog/peru/peru-in-may/,https://www.perugrandtravel.com/blog/peru-in-may/,1.0
https://www.perugrandtravel.com/blog/lima/best-museums-in-lima/,https://www.perugrandtravel.com/blog/best-museums-in-lima/,1.0
https://www.perugrandtravel.com/blog/cusco/terraces-of-moray/,https://www.perugrandtravel.com/blog/terraces-of-moray/,1.0
https://www.perugrandtravel.com/blog/cusco/hidden-gems-of-the-sacred-valley/,https://www.perugrandtravel.com/blog/hidden-gems-of-the-sacred-valley/,1.0
https://www.perugrandtravel.com/blog/cusco/things-to-do-in-the-sacred-valley/,https://www.perugrandtravel.com/blog/things-to-do-in-the-sacred-valley/,1.0
https://www.perugrandtravel.com/blog/cusco/cusco-vs-sacred-valley-altitude/,https://www.perugrandtravel.com/blog/cusco-vs-sacred-valley-altitude/,1.0
https://www.perugrandtravel.com/blog/cusco/inca-trail-vs-sacred-valley-treks/,https://www.perugrandtravel.com/blog/inca-trail-vs-sacred-valley-treks/,1.0
https://www.perugrandtravel.com/blog/cusco/humantay-lake-hike-2026/,https://www.perugrandtravel.com/blog/humantay-lake-hike-2026/,1.0
https://www.perugrandtravel.com/blog/cusco/treks-to-machu-picchu/,https://www.perugrandtravel.com/blog/treks-to-machu-picchu/,0.0
https://www.perugrandtravel.com/blog/cusco/inca-trail-vs-salkantay/,https://www.perugrandtravel.com/blog/inca-trail-vs-salkantay/,0.0
https://www.perugrandtravel.com/blog/cusco/salkantay-mountain/,https://www.perugrandtravel.com/blog/salkantay-mountain/,0.0
https://www.perugrandtravel.com/blog/cusco/when-is-the-best-time-to-do-the-salkantay-trek/,https://www.perugrandtravel.com/blog/when-is-the-best-time-to-do-the-salkantay-trek/,0.0
https://www.perugrandtravel.com/blog/peru/luxury-travel-peru/,https://www.perugrandtravel.com/blog/luxury-travel-peru/,0.0
https://www.perugrandtravel.com/blog/cusco/family-trip-to-peru/,https://www.perugrandtravel.com/blog/family-trip-to-peru/,0.0
https://www.perugrandtravel.com/blog/amazonia/climate-in-peru-best-time-to-travel/,https://www.perugrandtravel.com/blog/climate-in-peru-best-time-to-travel/,0.0
https://www.perugrandtravel.com/blog/cusco/cusco-tourist-attractions/,https://www.perugrandtravel.com/blog/cusco-tourist-attractions/,0.0
https://www.perugrandtravel.com/blog/cusco/what-is-the-best-time-to-travel-to-peru-machu-picchu/,https://www.perugrandtravel.com/blog/what-is-the-best-time-to-travel-to-peru-machu-picchu/,0.0
https://www.perugrandtravel.com/blog/cusco/things-to-do-in-cusco/,https://www.perugrandtravel.com/blog/things-to-do-in-cusco/,0.0
https://www.perugrandtravel.com/blog/lima/tips-for-traveling-to-peru/,https://www.perugrandtravel.com/blog/tips-for-traveling-to-peru/,0.0
https://www.perugrandtravel.com/blog/cusco/interesting-facts-about-machu-picchu/,https://www.perugrandtravel.com/blog/interesting-facts-about-machu-picchu/,0.0
https://www.perugrandtravel.com/blog/lima/beaches-in-lima/,https://www.perugrandtravel.com/blog/beaches-in-lima/,0.0
https://www.perugrandtravel.com/blog/ica/adventure-in-ica/,https://www.perugrandtravel.com/blog/adventure-in-ica/,
https://www.perugrandtravel.com/blog/lima/peru-honeymoon/,https://www.perugrandtravel.com/blog/peru-honeymoon/,0.0
https://www.perugrandtravel.com/blog/cusco/cusco-tourist-places/,https://www.perugrandtravel.com/blog/cusco-tourist-places/,0.0
https://www.perugrandtravel.com/blog/cusco/travel-guide-laguna-humantay/,https://www.perugrandtravel.com/blog/travel-guide-laguna-humantay/,0.0
https://www.perugrandtravel.com/blog/cusco/humantay-lagoon-rainbow-mountain/,https://www.perugrandtravel.com/blog/humantay-lagoon-rainbow-mountain/,0.0
https://www.perugrandtravel.com/blog/nazca/nazca-lines-tours/,https://www.perugrandtravel.com/blog/nazca-lines-tours/,0.0
https://www.perugrandtravel.com/blog/ica/peruvian-pisco-from-ica/,https://www.perugrandtravel.com/blog/peruvian-pisco-from-ica/,
https://www.perugrandtravel.com/blog/ica/family-tourism-in-nazca-paracas-ica/,https://www.perugrandtravel.com/blog/family-tourism-in-nazca-paracas-ica/,0.0
https://www.perugrandtravel.com/blog/cusco/family-packages-to-cusco/,https://www.perugrandtravel.com/blog/family-packages-to-cusco/,0.0
https://www.perugrandtravel.com/blog/cusco/hidden-places-in-cusco/,https://www.perugrandtravel.com/blog/hidden-places-in-cusco/,
https://www.perugrandtravel.com/blog/cusco/cusco-tourist-ticket/,https://www.perugrandtravel.com/blog/cusco-tourist-ticket/,0.0
https://www.perugrandtravel.com/blog/cusco/day-tours-in-cusco/,https://www.perugrandtravel.com/blog/day-tours-in-cusco/,0.0
https://www.perugrandtravel.com/blog/cusco/sanctuary-of-the-lord-of-pampacucho/,https://www.perugrandtravel.com/blog/sanctuary-of-the-lord-of-pampacucho/,0.0
https://www.perugrandtravel.com/blog/cusco/2-weeks-in-peru/,https://www.perugrandtravel.com/blog/2-weeks-in-peru/,0.0
https://www.perugrandtravel.com/blog/cusco/museums-in-cusco/,https://www.perugrandtravel.com/blog/museums-in-cusco/,0.0
https://www.perugrandtravel.com/blog/cusco/7-days-in-peru/,https://www.perugrandtravel.com/blog/7-days-in-peru/,0.0
https://www.perugrandtravel.com/blog/cusco/find-out-how-to-have-the-best-4-days-in-cusco/,https://www.perugrandtravel.com/blog/find-out-how-to-have-the-best-4-days-in-cusco/,0.0
https://www.perugrandtravel.com/blog/lima/lima-cusco-and-machu-picchu/,https://www.perugrandtravel.com/blog/lima-cusco-and-machu-picchu/,0.0
https://www.perugrandtravel.com/blog/cusco/adventure-at-machu-picchu-humantay-lake-on-a-6-day/,https://www.perugrandtravel.com/blog/adventure-at-machu-picchu-humantay-lake-on-a-6-day/,0.0
https://www.perugrandtravel.com/blog/peru/tourist-packages-to-enjoy-with-children-for-a-trip-to-peru-machu-picchu/,https://www.perugrandtravel.com/blog/tourist-packages-to-enjoy-with-children-for-a-trip-to-peru-machu-picchu/,0.0
https://www.perugrandtravel.com/blog/cusco/what-to-visit-on-the-inca-adventure-route-in-8-days/,https://www.perugrandtravel.com/blog/what-to-visit-on-the-inca-adventure-route-in-8-days/,0.0
https://www.perugrandtravel.com/blog/cusco/traveling-to-machu-picchu-with-tour-packages/,https://www.perugrandtravel.com/blog/traveling-to-machu-picchu-with-tour-packages/,
https://www.perugrandtravel.com/blog/cusco/visits-to-peru-one-week-itinerary/,https://www.perugrandtravel.com/blog/visits-to-peru-one-week-itinerary/,0.0
https://www.perugrandtravel.com/blog/cusco/vacation-to-machu-picchu/,https://www.perugrandtravel.com/blog/vacation-to-machu-picchu/,0.0
https://www.perugrandtravel.com/blog/cusco/where-is-machu-picchu-guide/,https://www.perugrandtravel.com/blog/where-is-machu-picchu-guide/,0.0
https://www.perugrandtravel.com/blog/luxury/luxury-peru-vacations/,https://www.perugrandtravel.com/blog/luxury-peru-vacations/,0.0
https://www.perugrandtravel.com/blog/cusco/places-to-visit-in-cusco/,https://www.perugrandtravel.com/blog/places-to-visit-in-cusco/,0.0
https://www.perugrandtravel.com/blog/cusco/weather-in-cusco/,https://www.perugrandtravel.com/blog/weather-in-cusco/,0.0
https://www.perugrandtravel.com/blog/cusco/plan-a-trip-to-machu-picchu/,https://www.perugrandtravel.com/blog/plan-a-trip-to-machu-picchu/,0.0
https://www.perugrandtravel.com/blog/peru/where-to-buy-peruvian-pisco-2027/,https://www.perugrandtravel.com/blog/where-to-buy-peruvian-pisco-2027/,
https://www.perugrandtravel.com/blog/puno/church-of-saint-anthony-of-padua/,https://www.perugrandtravel.com/blog/church-of-saint-anthony-of-padua/,0.0
https://www.perugrandtravel.com/blog/puno/san-juan-de-letran-church/,https://www.perugrandtravel.com/blog/san-juan-de-letran-church/,0.0
https://www.perugrandtravel.com/blog/peru/craftsmans-day/,https://www.perugrandtravel.com/blog/craftsmans-day/,0.0
https://www.perugrandtravel.com/blog/peru/luxury-hotels-in-peru/,https://www.perugrandtravel.com/blog/luxury-hotels-in-peru/,0.0
https://www.perugrandtravel.com/blog/peru/adventure-trip-for-moms/,https://www.perugrandtravel.com/blog/adventure-trip-for-moms/,
https://www.perugrandtravel.com/blog/peru/is-there-snow-in-peru/,https://www.perugrandtravel.com/blog/is-there-snow-in-peru/,
https://www.perugrandtravel.com/blog/cusco/lake-humantay/,https://www.perugrandtravel.com/blog/lake-humantay/,0.0
https://www.perugrandtravel.com/blog/peru/peru-lima-packages/,https://www.perugrandtravel.com/blog/peru-lima-packages/,
https://www.perugrandtravel.com/blog/peru/ayacucho-museum/,https://www.perugrandtravel.com/blog/ayacucho-museum/,
https://www.perugrandtravel.com/blog/peru/why-travel-to-peru/,https://www.perugrandtravel.com/blog/why-travel-to-peru/,0.0
https://www.perugrandtravel.com/blog/cusco/huayna-picchu-vs-machu-picchu-mountain/,https://www.perugrandtravel.com/blog/huayna-picchu-vs-machu-picchu-mountain/,0.0
https://www.perugrandtravel.com/blog/cusco/maras-and-moray/,https://www.perugrandtravel.com/blog/maras-and-moray/,
https://www.perugrandtravel.com/blog/cusco/ausangate-snow/,https://www.perugrandtravel.com/blog/ausangate-snow/,
https://www.perugrandtravel.com/blog/cusco/mistakes-to-avoid-on-a-trip-to-machu-picchu/,https://www.perugrandtravel.com/blog/mistakes-to-avoid-on-a-trip-to-machu-picchu/,
https://www.perugrandtravel.com/blog/cusco/hotel-in-downtown-cusco/,https://www.perugrandtravel.com/blog/hotel-in-downtown-cusco/,0.0
https://www.perugrandtravel.com/blog/cusco/travel-planning-tips-for-machu-picchu/,https://www.perugrandtravel.com/blog/travel-planning-tips-for-machu-picchu/,0.0
https://www.perugrandtravel.com/blog/peru/llama-therapy-in-peru/,https://www.perugrandtravel.com/blog/llama-therapy-in-peru/,0.0
https://www.perugrandtravel.com/blog/cusco/machu-picchu-itinerary/,https://www.perugrandtravel.com/blog/machu-picchu-itinerary/,
https://www.perugrandtravel.com/blog/cusco/food-in-cusco/,https://www.perugrandtravel.com/blog/food-in-cusco/,0.0
https://www.perugrandtravel.com/blog/cusco/local-experiences-in-the-sacred-valley/,https://www.perugrandtravel.com/blog/local-experiences-in-the-sacred-valley/,
https://www.perugrandtravel.com/blog/peru/peru-in-june/,https://www.perugrandtravel.com/blog/peru-in-june/,0.0
https://www.perugrandtravel.com/blog/peru/atv-tours-peru/,https://www.perugrandtravel.com/blog/atv-tours-peru/,0.0
https://www.perugrandtravel.com/blog/peru/is-peru-safe/,https://www.perugrandtravel.com/blog/is-peru-safe/,
https://www.perugrandtravel.com/blog/peru/day-of-the-pachamama/,https://www.perugrandtravel.com/blog/day-of-the-pachamama/,
https://www.perugrandtravel.com/blog/cusco/art-of-the-chinchero-communities/,https://www.perugrandtravel.com/blog/art-of-the-chinchero-communities/,
https://www.perugrandtravel.com/blog/cusco/alpaca-wool-processing/,https://www.perugrandtravel.com/blog/alpaca-wool-processing/,
https://www.perugrandtravel.com/blog/cusco/qeswachaka-bridge/,https://www.perugrandtravel.com/blog/qeswachaka-bridge/,
https://www.perugrandtravel.com/blog/cusco/inca-quarries-of-cachiccata/,https://www.perugrandtravel.com/blog/inca-quarries-of-cachiccata/,
https://www.perugrandtravel.com/blog/amazonia/peruvian-amazon/,https://www.perugrandtravel.com/blog/peruvian-amazon/,
https://www.perugrandtravel.com/blog/cusco/cusco-hidden-gems-2026/,https://www.perugrandtravel.com/blog/cusco-hidden-gems-2026/,
https://www.perugrandtravel.com/blog/cusco/the-ultimate-guide-to-cusco/,https://www.perugrandtravel.com/blog/the-ultimate-guide-to-cusco/,
https://www.perugrandtravel.com/blog/cusco/corpus-christi/,https://www.perugrandtravel.com/blog/corpus-christi/,
https://www.perugrandtravel.com/blog/cusco/the-best-day-hikes-from-cusco/,https://www.perugrandtravel.com/blog/the-best-day-hikes-from-cusco/,
https://www.perugrandtravel.com/blog/cusco/guide-to-the-sacred-valley-peru/,https://www.perugrandtravel.com/blog/guide-to-the-sacred-valley-peru/,
https://www.perugrandtravel.com/blog/cusco/the-best-restaurants-in-sacred-valley/,https://www.perugrandtravel.com/blog/the-best-restaurants-in-sacred-valley/,
https://www.perugrandtravel.com/blog/cusco/vinicunca-rainbow-mountain/,https://www.perugrandtravel.com/blog/vinicunca-rainbow-mountain/,
https://www.perugrandtravel.com/blog/cusco/palcoyo-rainbow-mountain/,https://www.perugrandtravel.com/blog/palcoyo-rainbow-mountain/,
https://www.perugrandtravel.com/blog/peru/choosing-a-peru-travel-agency/,https://www.perugrandtravel.com/blog/choosing-a-peru-travel-agency/,
https://www.perugrandtravel.com/blog/peru/peru-travel-packages-for-2026/,https://www.perugrandtravel.com/blog/peru-travel-packages-for-2026/,
https://www.perugrandtravel.com/blog/cusco/machu-picchu-travel-packages/,https://www.perugrandtravel.com/blog/machu-picchu-travel-packages/,
