Título,URL,Slug,Categoría de tour,Estilo de viaje,Etiquetas,Keyword principal,Keywords secundarias,Título SEO,Meta description,SEO score,Palabras,Publicado,Modificado,Estado,Clics,Impresiones,CTR,Posición,col_19,col_20
"Colonial Lima, Huacachina, and Sacred Land of the Incas 9D/8N",https://www.perugrandtravel.com/tour/colonial-lima-huacachina-and-sacred-land-of-the-incas-9-days/,colonial-lima-huacachina-and-sacred-land-of-the-incas-9-days,Tours in Peru,Combined Travel,"Ica Tours, Peru, Recommended",peru itinerary 9 days,,"9-Day Peru Itinerary with Lima, Huacachina & Cusco","Travel through Lima, Huacachina, Cusco and Machu Picchu on a 9-day Peru vacation combining culture, history and adventure.",68,0,2012-01-06,2026-06-02,publish,33,4564,0.00723049956178791,25.25,,
Andean Wedding full day,https://www.perugrandtravel.com/tour/andean-wedding-full-day/,andean-wedding-full-day,Day Tours in Cusco,Culture,Cusco,Andean Wedding,,Traditional Andean Wedding Ceremony in Chinchero,Participate in an authentic Andean wedding ceremony in Chinchero and experience Peru’s ancestral traditions.,80,0,2023-04-20,2026-06-04,publish,24,4112,0.00583657587548638,28.37,,
Peru Grand Deluxe by Belmond Andean Explorer 10 days,https://www.perugrandtravel.com/tour/peru-grand-deluxe-by-belmond-andean-explorer-10-days/,peru-grand-deluxe-by-belmond-andean-explorer-10-days,,,Luxury Peru Tours,Belmond Andean Explorer,,10-Day Luxury Peru Tour with Belmond Andean Explorer,"Experience a 10-day luxury Peru journey aboard Belmond Andean Explorer. Discover breathtaking Andean landscapes, highlights and comfort.",78,0,2024-12-13,2026-06-04,publish,23,19333,0.00118967568406352,45.14,,
The Condor Canyon in Cusco,https://www.perugrandtravel.com/tour/condor-canyon-cusco-full-day/,condor-canyon-cusco-full-day,,,,chonta canyon,,▷ The CONDOR CHONTA CANYON in Cusco Peru & Tour of 1 day,"Our Tour Viewpoint of the Condor in CHONTA CANYON, the best option to see condors in natural habitat, With Tour guide and Lunch included.",69,0,2022-03-25,2024-12-06,publish,19,1368,0.0138888888888889,16.5,,
Trek Humantay Lake & Salkantay Pass 2 Days,https://www.perugrandtravel.com/tour/trek-humantay-salkantay-2d/,trek-humantay-salkantay-2d,Inca Trail Treks,Trekking,Salkantay Treks,Humantay Lake trek,,2-Day Humantay Lake & Salkantay Pass Trek,Hike through the Andes visiting Humantay Lake and Salkantay Pass on a scenic 2-day trekking adventure. Book Now.,73,0,2024-08-12,2026-06-04,publish,12,3008,0.00398936170212766,41,,
Explore the Short Inca Trail with Amazon rainforest 8D/7N,https://www.perugrandtravel.com/tour/short-inca-trail-with-amazon-rainforest-8d/,short-inca-trail-with-amazon-rainforest-8d,Tours in Peru,Combined Travel,Peru,peru itinerary 8 days,,8-Day Peru Itinerary with Inca Trail & Amazon Jungle,"Combine the Inca Trail and Amazon Rainforest on an 8-day Peru adventure featuring Machu Picchu, wildlife encounters and the stunning Andes!",70,0,2012-01-05,2026-06-02,publish,9,1573,0.00572155117609663,41.98,,
Grand Deluxe Cusco & Machu Picchu by Luxury Collection hotels 5 days,https://www.perugrandtravel.com/tour/grand-deluxe-cusco-machu-picchu-by-luxury-collection-hotels-5-days/,grand-deluxe-cusco-machu-picchu-by-luxury-collection-hotels-5-days,,,Luxury Peru Tours,Luxury Collection hotels,,Private Machu Picchu Tour 5 Days with Luxury Collection Hotels,"Spoil yourself on a 5-day luxury journey through Cusco, the Sacred Valley and Machu Picchu staying at Luxury Collection Hotels.",75,0,2024-12-12,2026-06-04,publish,8,999,0.00800800800800801,38.33,,
Incredible Hidden Treasures + Huaraz 17D/16N,https://www.perugrandtravel.com/tour/hidden-treasures-huaraz-17d/,hidden-treasures-huaraz-17d,Tours in Peru,Combined Travel,"Arequipa Tours, Huaraz Tours, Peru, Recommended",peru itinerary 17 days,,"17-Day Peru Itinerary with Huaraz, Cusco & Machu Picchu","Explore Huaraz, Cusco, Machu Picchu, and Peru’s hidden treasures on an unforgettable 17-day Peru Package Tour.",75,0,2012-01-16,2026-06-03,publish,8,842,0.00950118764845606,21.05,,
Rainbow Mountain ATV Tour,https://www.perugrandtravel.com/tour/atv-rainbow-mountain/,atv-rainbow-mountain,Day Tours in Cusco,"Adrenaline, Adventure",Cusco,Rainbow Mountain ATV Tour,,Rainbow Mountain ATV Adventure Full Day,Enjoy an ATV adventure through Rainbow Mountain with panoramic Andean landscapes and unique cultural experiences.,78,0,2023-04-26,2026-06-04,publish,7,5927,0.00118103593723638,28.38,,
Awakening in a Dome on the Piuray Lagoon,https://www.perugrandtravel.com/tour/dome-piuray-lagoon/,dome-piuray-lagoon,,Culture,,Piuray Lagoon,,▷ Dome on the Piuray Lagoon is Unforgettable Experience,Explore the tranquility of the Piuray Lagoon Dome with our exclusive tour. A serene experience in the middle of nature.,72,0,2022-03-25,2024-12-06,publish,7,1539,0.00454840805717999,10.47,,
"Magical Machu Picchu experience, lunch Picnic with llamas 7D/6N",https://www.perugrandtravel.com/tour/machu-picchu-experience-picnic-with-llamas-7d/,machu-picchu-experience-picnic-with-llamas-7d,Tours in Machu Picchu,Traditional,Recommended,sacred valley picnic,,7-Day Machu Picchu Itinerary with Andean Picnic Experience,"Travel to Cusco, Sacred Valley, and Machu Picchu while enjoying gourmet picnic experiences surrounded by the Andes Mountains.",69,0,2012-02-07,2026-06-04,publish,7,1080,0.00648148148148148,13.21,,
"Peru Grand Deluxe  Lima, Cusco & Machu Picchu 7 days",https://www.perugrandtravel.com/tour/peru-grand-deluxe-lima-cusco-machu-picchu-7days/,peru-grand-deluxe-lima-cusco-machu-picchu-7days,,,Luxury Peru Tours,Belmond & Inkaterra,,"7-Day Luxury Peru Tour with Lima, Cusco & Machu Picchu","Indulge in a 7-day luxury Peru tour from Lima to Cusco and Machu Picchu with Belmond & Inkaterra. Stay in world-class hotels, explore Andes.",73,0,2024-12-12,2026-06-04,publish,6,4788,0.0012531328320802,45.6,,
Ausangate 7 lakes day trip,https://www.perugrandtravel.com/tour/ausangate-7-lakes-day-trip/,ausangate-7-lakes-day-trip,Day Tours in Cusco,"Adventure, Trekking",Cusco,ausangate 7 lakes,,Ausangate 7 Lakes Full-Day Tour from Cusco,Trek the colorful lakes of Ausangate on an unforgettable hiking adventure surrounded by breathtaking Andean scenery.,78,0,2023-09-29,2026-06-04,publish,6,3132,0.00191570881226054,37.66,,
Classic Inca Trail 4 days,https://www.perugrandtravel.com/tour/classic-inca-trail-4d/,classic-inca-trail-4d,Inca Trail Treks,Trekking,Inca Trail,inca trail 4 days,,4-Day Classic Inca Trail to Machu Picchu,Hike the original Inca Trail to Machu Picchu on a 4-day trekking adventure with camping and expert guides included.,75,0,2012-03-03,2026-06-04,publish,5,936,0.00534188034188034,64.17,,
Machu Picchu Full Day Tour,https://www.perugrandtravel.com/tour/machu-picchu-full-day/,machu-picchu-full-day,Tours in Machu Picchu,Traditional,Machu Picchu Tours,machu picchu full day,,1-Day Machu Picchu Tour from Cusco by Train,"Visit Machu Picchu in one day from Cusco. Including train tickets, transportation and a guided tour of the Inca citadel.",75,0,2012-02-01,2026-06-04,publish,4,7000,0.000571428571428572,30,,
Rainbow Mountain Peru day trip,https://www.perugrandtravel.com/tour/rainbow-mountain-full-day/,rainbow-mountain-full-day,Day Tours in Cusco,Trekking,"Cusco, Others",rainbow mountain peru tour from cusco,,Rainbow Mountain ATV Full-Day Tour from Cusco,Visit Vinicunca Rainbow Mountain by ATV and enjoy panoramic mountain views with less hiking effort and adventure.,71,0,2022-04-01,2026-06-04,publish,4,3008,0.00132978723404255,49.94,,
Unforgettable Machu Picchu 8D/7N,https://www.perugrandtravel.com/tour/unforgettable-machu-picchu-8d/,unforgettable-machu-picchu-8d,Tours in Machu Picchu,Traditional,"Cusco Blog, Machu Picchu Tours",machu picchu itinerary 8 days,,8-Day Machu Picchu Itinerary with Cusco & Sacred Valley,"Visit Cusco, Sacred Valley, and Machu Picchu on a complete 8-day itinerary filled with cultural experiences and stunning Andean landscapes.",78,0,2012-02-08,2026-06-04,publish,4,1205,0.0033195020746888,19.95,,
Short Inca Trail 2 days,https://www.perugrandtravel.com/tour/short-inca-trail-2d/,short-inca-trail-2d,Inca Trail Treks,Trekking,Inca Trail,inca trail 2 days,,2-Day Short Inca Trail to Machu Picchu,Hike the Short Inca Trail and arrive at Machu Picchu through the Sun Gate in an unforgettable 2-day adventure.,75,0,2012-03-01,2026-06-04,publish,3,2508,0.00119617224880383,74.68,,
Palccoyo Rainbow Mountain Full Day Tour,https://www.perugrandtravel.com/tour/palccoyo-rainbow-mountain-full-day/,palccoyo-rainbow-mountain-full-day,Day Tours in Cusco,Trekking,"Cusco, Others",palccoyo rainbow mountain tour,,Palccoyo Rainbow Mountain Full-Day Tour from Cusco,Take an expedition to Palccoyo Rainbow Mountain on a relaxed trek with panoramic Andean views and colorful rock formations.,80,0,2022-04-01,2026-06-04,publish,3,1697,0.00176782557454331,53.23,4 de las 6 fotos fueron elegidas para el nuevo web.,
Machu Picchu + Humantay Lake 6D/5N,https://www.perugrandtravel.com/tour/machu-picchu-humantay-lake-6d/,machu-picchu-humantay-lake-6d,Tours in Machu Picchu,Traditional,"Cusco Blog, Machu Picchu Tours, Recommended",machu picchu itinerary 6 days,,6-Day Machu Picchu Itinerary with Humantay Lake,"Combine culture and nature on a 6-day Peru itinerary visiting Cusco, Sacred Valley, Humantay Lake, and Machu Picchu.",73,0,2012-02-06,2026-06-04,publish,3,1176,0.00255102040816327,32.89,"Prices
Single Room
US$ 1058.00 / person
Double Room
US$ 819.00 / person
Triple Room
US$ 753.00 / person",http://147.135.114.64/machu-picchu-humantay-lake-6d5n
Incredible experience in Amazon rainforest 4 days,https://www.perugrandtravel.com/tour/amazon-rainforest-4d/,amazon-rainforest-4d,,,,peruvian amazon tour,,≫ Discover the Magic of the Amazon Rainforest (4 days),Explore the magic of the Amazon rainforest on a 4-day journey. Immerse yourself in its lush nature and discover its unique biodiversity.,61,0,2023-03-27,2025-04-02,publish,3,661,0.00453857791225416,77.67,falta precio,http://147.135.114.64/discover-magic-amazon-rainforest-4-days
Grand Deluxe Cusco & Machu Picchu by Belmond 5 days,https://www.perugrandtravel.com/tour/grand-deluxe-cusco-machu-picchu-by-belmond-5-days/,grand-deluxe-cusco-machu-picchu-by-belmond-5-days,,,Luxury Peru Tours,Belmond,,Private Machu Picchu Tour 5 Days with Belmond Luxury,"Experience a 5-day luxury journey through Cusco, the Sacred Valley and Machu Picchu with Belmond. Discover Peru’s culture and history.",75,0,2024-12-12,2026-06-04,publish,3,427,0.00702576112412178,25.33,"falta agregar un espacio para poner: Ask for your quotation. Las imágenes al subir, se ha pixeleado y bajado la calidad.",http://147.135.114.64/grand-deluxe-cusco-machu-picchu-belmond-5-days
"Maras, Moray and Salineras ATV tour",https://www.perugrandtravel.com/tour/maras-moray-and-salineras-atv-tour/,maras-moray-and-salineras-atv-tour,Day Tours in Cusco,Adrenaline,Cusco,maras salt mines tour,,Maras & Moray ATV Tour Full Day from Cusco,"Explore Maras and Moray by ATV while enjoying Andean scenery, culture, and nearby archaeological sites in Cusco.",60,0,2024-08-05,2026-06-04,publish,3,413,0.00726392251815981,27.13,falta agregar un espacio en precio para poner que es para 2 personas,http://147.135.114.64/maras-moray-and-salineras-atv-tour
Challenge of the Incas 15 days,https://www.perugrandtravel.com/tour/challenge-of-the-incas-15d/,challenge-of-the-incas-15d,Tours in Peru,Combined Travel,"Peru, Recommended",peru itinerary 15 days,,"≫ PERU ITINERARY 15 DAYS: Cusco, Puno & Lima Challenge","Discover the fascinating 15-day itinerary in Peru, a super travel experience where you can visit several destinations in Peru.",75,0,2012-01-14,2026-01-21,private,3,397,0.00755667506297229,29.05,,
Inti Raymi full day,https://www.perugrandtravel.com/tour/inti-raymi-full-day/,inti-raymi-full-day,,Events &amp; Festivals,Offers,Inti Raymi tour,,Inti Raymi Festival Tour in Cusco 2026,"Join the Inti Raymi Festival 2026 in Cusco, Peru, and experience one of the most iconic Inca cultural celebrations in South America.",77,0,2023-03-20,2026-06-04,publish,3,317,0.00946372239747634,29.37,,
Spectacular Peru 10D/9N,https://www.perugrandtravel.com/tour/spectacular-peru-10d/,spectacular-peru-10d,"Best Selling Packages in Peru, Tours in Peru",Combined Travel,"Lima Blog, Lima tours, Peru, Popular Deals, Puno Blog, Puno Tours",peru itinerary 10 days,,"10-Day Peru Itinerary with Machu Picchu, Cusco & Puno","Visit Peru’s amazing iconic destinations on a 10-day itinerary combining culture, history, and breathtaking landscapes.",69,0,2012-01-08,2026-06-02,publish,2,14875,0.000134453781512605,12.14,,
Incredible Experience Machu Picchu 7D/6N,https://www.perugrandtravel.com/tour/incredible-experience-machu-picchu-7d/,incredible-experience-machu-picchu-7d,Tours in Machu Picchu,,Machu Picchu Tours,machu picchu itinerary 7 days,,7-Day Machu Picchu Itinerary with Cusco & Sacred Valley,"Explore Cusco, Maras, Moray, Sacred Valley, and Machu Picchu on a complete journey through the heart of the Inca Empire.",73,0,2012-02-07,2026-06-04,publish,2,9169,0.000218126295124877,15.07,,
Inca Encounters 8D/7N,https://www.perugrandtravel.com/tour/inca-encounters-8d/,inca-encounters-8d,Tours in Peru,Combined Travel,"Peru, Puno Blog, Puno Tours",peru Itinerary 8 days,,"8-Day Peru Itinerary with Cusco, Machu Picchu & Puno","The ultimate 8-day Peru itinerary through Cusco, Machu Picchu and Puno. Explore Sacred Valley, Andean vistas and Lake Titicaca over 8 days.",72,0,2012-01-04,2026-06-02,publish,2,3455,0.000578871201157742,8.58,,
Origins and Mysteries of the Andes 16D/15N,https://www.perugrandtravel.com/tour/origins-and-mysteries-of-the-andes-16d/,origins-and-mysteries-of-the-andes-16d,Tours in Peru,Combined Travel,"Arequipa Tours, Ica Tours, Peru",peru Itinerary 16 days,,"16-Day Peru Itinerary with Lima, Nazca, Arequipa & Cusco","Uncover Peru’s top destinations in 16 days, including Lima, Nazca, Arequipa, Cusco, and Machu Picchu on an unforgettable journey.",72,0,2012-01-15,2026-06-03,publish,2,2490,0.000803212851405623,15.46,,
Classic Inca Trail + Transfers 7 days,https://www.perugrandtravel.com/tour/classic-inca-trail-7-days/,classic-inca-trail-7-days,Inca Trail Treks,Trekking,Inca Trail,classic inca trail,,7-Day Classic Inca Trail to Machu Picchu with Transfers,"Trek the legendary Inca Trail with transfers, expert guides, and unforgettable archaeological landscapes on the way to Machu Picchu.",75,0,2012-03-09,2026-06-04,publish,2,1357,0.00147383935151069,47.54,,
Lares Valley Trek to Machu Picchu 4 days,https://www.perugrandtravel.com/tour/lares-trek-4d/,lares-trek-4d,Alternative Inca Trail Treks,Trekking,Others,lares valley trek,,4-Day Lares Trek to Machu Picchu,Trek through remote Andean communities and stunning mountain landscapes on an alternative route to Machu Picchu.,71,0,2012-03-06,2026-06-04,publish,2,553,0.00361663652802893,66.22,,
Peru explore the culture with Amazon rainforest 9D/8N,https://www.perugrandtravel.com/tour/peru-amazon-rainforest-9d/,peru-amazon-rainforest-9d,Tours in Peru,Combined Travel,Peru,peru itinerary 9 days,,9-Day Peru Itinerary: Cultural Amazon & Machu Picchu Tour,"Experience Peru’s top highlights on a 9-day itinerary, visiting Lima, Cusco, Machu Picchu, the Sacred Valley and the Amazon Rainforest.",72,0,2012-01-07,2026-06-02,publish,2,420,0.00476190476190476,47.65,,
Cusco Rafting and Zipline Full Day,https://www.perugrandtravel.com/tour/cusco-rafting-and-zipline/,cusco-rafting-and-zipline,,,,cusco rafting,,CUSCO RAFTING and Zipline adventure in Cusco Peru,"Book your Cusco Rafting and zip line tour: Best full adrenaline adventure, daily departures from Cusco, best prices, whitewater rafting.",74,0,2023-03-17,2024-10-01,publish,2,346,0.00578034682080925,41.42,,
Wonderful Peru 12D/11N,https://www.perugrandtravel.com/tour/wonderful-peru-12-days/,wonderful-peru-12-days,Tours in Peru,Combined Travel,Peru,Peru Itinerary 12 days,,"12-Day Peru Tour: Machu Picchu, Puno & Arequipa","Visit Machu Picchu, Lake Titicaca and Arequipa on a 12-day Peru vacation full of culture, history and spectacular scenery.",77,0,2012-01-12,2026-06-03,publish,2,333,0.00600600600600601,35.64,,
City Tour in Cusco,https://www.perugrandtravel.com/tour/city-tour-in-cusco/,city-tour-in-cusco,,,,machu picchu full day,,▷ Cusco City Tour - 1 day tour,"Dare to know Cusco and book your City Tour Cusco, here, at the best price and service, include ✔️Transportacion, ✔️Guide, ✔️ Best experience.",61,0,2024-08-05,2024-10-01,publish,2,294,0.00680272108843537,65.31,,
Colonial Lima and Sacred land of the Incas 7D/6N,https://www.perugrandtravel.com/tour/colonial-lima-and-sacred-land-of-the-incas-7d/,colonial-lima-and-sacred-land-of-the-incas-7d,"Best Selling Packages in Peru, Tours in Peru",Combined Travel,"Lima tours, Peru, Popular Deals",peru itinerary 7 days,,"7-Day Peru Itinerary: Lima, Cusco & Machu Picchu Tour","Experience Peru in 7 days with Lima, Cusco and Machu Picchu! With guided tours, cultural highlights, local cuisine and iconic landmarks.",73,0,2012-01-02,2026-06-02,publish,1,6263,0.000159667890787163,17.45,,
Salkantay SKY Trek 4 days,https://www.perugrandtravel.com/tour/salkantay-trek-4-days/,salkantay-trek-4-days,Alternative Inca Trail Treks,Trekking,Salkantay Treks,Salkantay Trek 4 days,,4-Day Salkantay Sky Camp Trek to Machu Picchu,Experience the Salkantay Trek to Machu Picchu in 4 days with Sky Camp lodging and spectacular mountain landscapes.,75,0,2012-03-04,2026-06-04,publish,1,3259,0.000306842589751458,51.46,,
"Tour of Maras, Moray & Salineras from Cusco",https://www.perugrandtravel.com/tour/maras-moray-and-the-salineras-full-day/,maras-moray-and-the-salineras-full-day,Day Tours in Cusco,"Adrenaline, Traditional",Cusco,maras salt mines tour,,"Maras, Moray & Salt Mines Tour from Cusco",Visit the Moray terraces and Maras Salt Mines on a scenic cultural day tour departing from Cusco and surroundings.,69,0,2022-04-01,2026-06-04,publish,1,2816,0.000355113636363636,46.89,,
Inca Bridge of Q'eswachaka Full Day,https://www.perugrandtravel.com/tour/qeswachaka-bridge-full-day/,qeswachaka-bridge-full-day,Day Tours in Cusco,Culture,Cusco,q'eswachaka rope bridge tour,,Q’eswachaka Bridge Full-Day Tour from Cusco,Visit Peru’s last remaining Inca suspension bridge on a unique cultural day tour from Cusco and surrounding Sacred Valley area.,73,0,2023-03-20,2026-06-04,publish,1,1611,0.000620732464307883,30.18,,
Sacred Valley + Short Inca Trail 3 days,https://www.perugrandtravel.com/tour/sacred-valley-short-inca-trail-3d/,sacred-valley-short-inca-trail-3d,Inca Trail Treks,Trekking,Inca Trail,inca trail 3 days,,3-Day Sacred Valley & Short Inca Trail Tour,Combine Sacred Valley excursions with the Short Inca Trail on a complete Machu Picchu unforgettable adventure.,72,0,2012-03-02,2026-06-04,publish,1,1603,0.000623830318153462,58.84,,
Incredible Machu Picchu 2D/1N,https://www.perugrandtravel.com/tour/incredible-machu-picchu-2d/,incredible-machu-picchu-2d,Tours in Machu Picchu,Traditional,Machu Picchu Tours,machu picchu tour from cusco 2 days,,2-Day Sacred Valley & Machu Picchu Tour by Train,Visit Sacred Valley and Machu Picchu on a 2-day trip featuring scenic train rides and cultural experiences.,75,0,2012-02-02,2026-06-04,publish,1,1329,0.000752445447705041,45.54,,
Salkantay SKY Trek 5 days,https://www.perugrandtravel.com/tour/the-classic-salkantay-trek-5d/,the-classic-salkantay-trek-5d,Alternative Inca Trail Treks,Trekking,Salkantay Treks,salkantay trek 5 days,,5-Day Salkantay Sky Camp Trek to Machu Picchu,"Hike the Salkantay Trek to Machu Picchu in 5 days with Sky Camp accommodation, breathtaking scenery, and unforgettable adventure experiences.",81,0,2012-03-05,2026-06-04,publish,1,1218,0.000821018062397373,26.79,,
Corpus Christi in Cusco 4 days,https://www.perugrandtravel.com/tour/cusco-corpus-christi/,cusco-corpus-christi,,,Offers,Corpus Christi in Cusco,,"4-Day Corpus Christi Festival in Cusco, Peru","Join the Corpus Christi festival in Cusco, Peru, on a 4-day cultural tour with traditional processions and Andean heritage celebrations.",80,0,2023-12-28,2026-06-04,publish,1,1211,0.000825763831544178,33.92,,
Machu Picchu Moderate 4D/3N,https://www.perugrandtravel.com/tour/machu-picchu-moderate-4d/,machu-picchu-moderate-4d,Tours in Machu Picchu,Traditional,Machu Picchu Tours,Sacred Valley and Machu Picchu Tour,,4-Day Machu Picchu Itinerary with Cusco & Sacred Valley,"Explore Cusco, Sacred Valley, and Machu Picchu on a 4-day journey ideal for travelers seeking comfort, culture, and adventure.",65,0,2012-02-04,2026-06-04,publish,1,1209,0.000827129859387924,38.05,,
Humantay Lake Hike (Full Day),https://www.perugrandtravel.com/tour/humantay-lake-full-day/,humantay-lake-full-day,Day Tours in Cusco,Trekking,"Cusco, Others",humantay lake hike,,Humantay Lake Full-Day Tour from Cusco,Hike to the stunning Humantay Lake and experience one of the most beautiful natural landscapes near Cusco. Book Now.,76,0,2022-04-01,2026-06-04,publish,1,1107,0.000903342366757001,67.81,,
Cusco Planetarium Experience,https://www.perugrandtravel.com/tour/cusco-planetarium/,cusco-planetarium,,,,Cusco Planetarium,,Cusco Planetarium Experience - Peru Grand Travel,"Book your excursion to the Cusco Planetarium. Learn more about Inca astronomy, how they used it for religion and agriculture.",76,0,2024-08-08,2024-10-01,publish,1,784,0.00127551020408163,20.62,,
Grand Deluxe Cusco & Machu Picchu by Casa Andina hotels 5 days,https://www.perugrandtravel.com/tour/grand-deluxe-cusco-machu-picchu-by-casa-andina-hotels-5-days/,grand-deluxe-cusco-machu-picchu-by-casa-andina-hotels-5-days,,,Luxury Peru Tours,Casa Andina hotels,,Private Machu Picchu Tour 5 Days with Casa Andina Hotels,"Enjoy a 5-day private journey through Cusco, the Sacred Valley and Machu Picchu, staying at Casa Andina hotels with premium comfort.",77,0,2024-12-12,2026-06-04,publish,1,735,0.00136054421768708,37.6,,
Machu Picchu Challenge 8D/7N,https://www.perugrandtravel.com/tour/machu-picchu-challenge-8d/,machu-picchu-challenge-8d,Tours in Machu Picchu,Traditional,"Machu Picchu Tours, Popular Deals",machu picchu and rainbow mountain tour,,8-Day Machu Picchu Adventure Itinerary with Cusco,"Uncover Cusco, Andean trails, and Machu Picchu on an exciting 8-day adventure itinerary designed for active travelers.",75,0,2012-02-09,2026-06-04,publish,1,589,0.00169779286926995,10.13,,
Spectacular Cusco 7 days,https://www.perugrandtravel.com/tour/spectacular-cusco-7-days/,spectacular-cusco-7-days,,"Combined Travel, Traditional",Offers,cusco tour,,Cusco 7-Day Itinerary with Sacred Valley & Inca Heritage,"Experience Cusco in 7 days, the ancient capital of the Inca Empire, with visits to archaeological sites, cultural experiences, landscapes.",65,0,2012-02-07,2026-06-04,publish,1,556,0.00179856115107914,24.91,,
Machu Picchu Express 3D/2N,https://www.perugrandtravel.com/tour/machu-picchu-express-3d/,machu-picchu-express-3d,Tours in Machu Picchu,Traditional,Machu Picchu Tours,machu picchu 3 days,,3-Day Machu Picchu Express Tour from Cusco,"Perfect for those on limited time, this 3-day Machu Picchu tour includes the main Cusco highlights, train travel and guided visits.",75,0,2012-02-03,2026-06-04,publish,1,528,0.00189393939393939,29.78,,
Tour South Valley,https://www.perugrandtravel.com/tour/tour-south-valley-cusco/,tour-south-valley-cusco,,,,South Valley in cusco,,South Valley in Cusco: Discover Hidden Gems,"Explore Piquillacta, Tipón, and Andahuaylillas in the South Valley in Cusco. Dive into history and culture. Book your adventure now!",74,0,2024-08-05,2024-10-01,publish,1,374,0.00267379679144385,50.01,,
"Wonder of Peru Coast, Andes and Rainforest 13D/12N",https://www.perugrandtravel.com/tour/wonder-of-peru-coast-andes-and-rainforest-13d/,wonder-of-peru-coast-andes-and-rainforest-13d,Tours in Peru,Combined Travel,Peru,peru itinerary 13 days,,"13-Day Peru Itinerary with Coast, Andes & Amazon Adventure","Discover Peru in 13 days from the coast to the Andes and the Amazon. Visit Lima, the Ballestas Islands, Huacachina dunes and Cusco.",73,0,2012-01-13,2026-06-03,publish,1,316,0.00316455696202532,34.67,,
Choquequirao Trek 5 days,https://www.perugrandtravel.com/tour/choquequirao-trek-5d/,choquequirao-trek-5d,Alternative Inca Trail Treks,Trekking,Others,choquequirao trek,,5-Day Choquequirao Trek from Cusco,Trek to the hidden Inca citadel of Choquequirao through remote Andean landscapes and breathtaking mountain scenery.,77,0,2012-03-07,2026-06-04,publish,1,274,0.00364963503649635,59.69,,
Grand Deluxe Cusco & Machu Picchu by Inkaterra Hotels 5 days,https://www.perugrandtravel.com/tour/grand-deluxe-cusco-machu-picchu-by-inkaterra-hotels-5-days/,grand-deluxe-cusco-machu-picchu-by-inkaterra-hotels-5-days,,,Luxury Peru Tours,Inkaterra Hotels,,Private Machu Picchu Tour 5 Days with Inkaterra,"Experience a 5-day private luxury journey through Cusco, the Sacred Valley and Machu Picchu, staying at Inkaterra eco-luxury hotels.",75,0,2024-12-12,2026-06-04,publish,1,215,0.00465116279069767,38.62,,
Tour Super Sacred Valley of The Incas VIP,https://www.perugrandtravel.com/tour/super-sacred-valley-tour/,super-sacred-valley-tour,,,,sacred valley tour,,Sacred Valley of the Incas Tour,"Sacred valley of the incas is waiting for you, book here at the best price and service, include ✔️Transportacion, ✔️Guide, ✔️ Best experience.",64,0,2024-08-07,2024-10-22,publish,1,119,0.00840336134453782,56.56,Migrado,
Machu Picchu Extreme Challenge 8D/7N,https://www.perugrandtravel.com/tour/machu-picchu-extreme-challenge/,machu-picchu-extreme-challenge,"Best Selling Packages in Peru, Tours in Machu Picchu",Adrenaline,Machu Picchu Tours,machu picchu itinerary 8 days,,8-Day Machu Picchu Extreme Challenge Itinerary,Take on an 8-day Machu Picchu adventure through the Andes. Perfect for trekkers and nature lovers seeking an unforgettable experience.,68,0,2012-02-10,2026-06-04,publish,1,54,0.0185185185185185,11.57,Migrado,
Gastronomic and Historic Peru 10D/9N,https://www.perugrandtravel.com/tour/gastronomic-and-historic-peru-10d/,gastronomic-and-historic-peru-10d,Tours in Peru,Combined Travel,"Gastronomic, Peru, Recommended",peru itinerary 10 days,,10-Day Peru Food & Culture Tour: Cusco & Lake Titicaca,"Enjoy Peru’s renowned cuisine while visiting Lima, Cusco, Machu Picchu, the Sacred Valley and Lake Titicaca on a 10-day journey.",69,0,2012-01-10,2026-06-02,publish,0,3300,0,8.15,,
Classic Machu Picchu 5D/4N,https://www.perugrandtravel.com/tour/classic-machu-picchu-5d/,classic-machu-picchu-5d,"Best Selling Packages in Peru, Tours in Machu Picchu",Traditional,"Cusco Blog, Machu Picchu Tours, Popular Deals",machu picchu itinerary 5 days,,5-Day Classic Machu Picchu Itinerary with Cusco,"Discover Cusco, Sacred Valley, and Machu Picchu on one of Peru’s most popular travel itineraries unforgettable journey.",72,0,2012-02-05,2026-06-04,publish,0,2912,0,5.16,,
Origins of the Incas 10D/9N,https://www.perugrandtravel.com/tour/origins-of-the-incas-10d/,origins-of-the-incas-10d,"Best Selling Packages in Peru, Tours in Peru",Combined Travel,"Gastronomic, Ica Tours, Lima tours, Peru, Popular Deals, Puno Blog",peru itinerary 10 days,,"10-Day Peru Itinerary with Lima, Nazca, Cusco & Puno","Explore Peru in 10 days with visits to Lima, the Nazca Lines, Cusco, Machu Picchu and Lake Titicaca. Uncover Peru’s rich history and culture.",69,0,2012-01-09,2026-06-03,publish,0,1726,0,13.17,,
Inca Jungle Trek to Machu Picchu 4 days,https://www.perugrandtravel.com/tour/inca-jungle-trek-4d/,inca-jungle-trek-4d,Alternative Inca Trail Treks,Adventure,,Inca Jungle Trail,,4-Day Inca Jungle Trail to Machu Picchu,"Combine biking, trekking, and adventure sports on an alternative route to Machu Picchu through the Peruvian jungle.",75,0,2012-03-08,2026-06-04,publish,0,666,0,68.62,,
Fascinating adventure & challenge in the Andes 11D/10N,https://www.perugrandtravel.com/tour/fascinating-adventure-challenge-in-the-andes-11-days/,fascinating-adventure-challenge-in-the-andes-11-days,Tours in Peru,Combined Travel,Peru,Peru Itinerary 11 days,,"11-Day Peru Itinerary with Lima, Paracas & Cusco","Travel across Peru in 11 days visiting Lima, Paracas, Huacachina, Cusco, and Machu Picchu on a complete adventure itinerary.",73,0,2012-01-11,2026-06-03,publish,0,613,0,37.19,,
Holy Week in Cusco 6 days,https://www.perugrandtravel.com/tour/holy-week-in-cusco/,holy-week-in-cusco,,Events &amp; Festivals,Offers,Holy week in cusco,,Cusco Holy Week 2026 with 6-Day Cultural Experience,"Experience Holy Week in Cusco on a 6-day tour exploring traditional processions, religious ceremonies and Andean cultural heritage in Peru.",73,0,2024-01-05,2026-06-04,publish,0,357,0,38.09,,
Tour Waqrapukara,https://www.perugrandtravel.com/tour/tour-waqrapukara-cusco/,tour-waqrapukara-cusco,,,,waqrapukara cusco,,Tour Cusco - Waqrapukara - Cusco,"Embark on a Waqrapukara Cusco adventure, exploring stunning lakes and ancient ruins. Enjoy scenic hikes, local wildlife, and guided tours.",69,0,2024-08-07,2024-10-01,publish,0,307,0,53.83,,
Inca Jungle Combined 7 days,https://www.perugrandtravel.com/tour/inca-jungle-combined-7d/,inca-jungle-combined-7d,,Adventure,,,,,"✓ Book the 7-day Inca Jungle Trek, a new route that includes a city tour in Cusco, biking, hiking, exploration and adventure to Machu Picchu.",,0,2023-03-17,2025-04-02,publish,0,306,0,53.08,,
Amazon Rainforest Express 3 days,https://www.perugrandtravel.com/tour/amazon-rainforest-express-3d/,amazon-rainforest-express-3d,,,,,,,"Amazonia express knows the apu Victor lake, monkey island, cocha Caiman. All inclusive as the lodge, food, among others.",,0,2023-03-27,2025-04-02,publish,,,,,,
Ballestas & Huacachina Islands - Full Day,https://www.perugrandtravel.com/tour/ballestas-huacachina-islands-full-day/,ballestas-huacachina-islands-full-day,,,,Ballestas & Huacachina islands,,Ballestas & Huacachina Islands with sandboard & buggies-Full Day,"Discover the Ballestas & Huacachina islands in one day. Explore marine wildlife, visit Ica’s wineries, and enjoy a thrilling dune buggy ride.",76,0,2024-08-08,2024-10-01,publish,,,,,,
Incredible Experience Machu Picchu 7 days,https://www.perugrandtravel.com/?post_type=tour&p=19295,incredible-experience-machu-picchu-7-days,Tours in Machu Picchu,,Machu Picchu Tours,machu picchu itinerary 7 days,,▷ Incredible Experience MACHU PICCHU itinerary 7 days,"Machu Picchu itinerary 7 days, explore the Cultural and Natural Wealth of Peru, with the Inca Wonder, live an Unparalleled Adventure!",62,0,2025-04-01,2025-04-07,draft,,,,,,
Peru Private Circle,https://www.perugrandtravel.com/?post_type=tour&p=19859,peru-private-romance-copy,,Combined Travel,"Ica Tours, Peru, Recommended",Peru Private Romance,,"≫ Experience Peru Private Romance: Lima, Machu Picchu y Cusco","Peru Private Romance es un viaje privado 4 estrellas superior para parejas que desean vivir Lima, el Valle Sagrado, Machu Picchu y Cusco",12,0,2012-01-06,2026-05-27,draft,,,,,,
Peru Private Romance,https://www.perugrandtravel.com/?post_type=tour&p=19844,peru-private-romance,,Combined Travel,"Ica Tours, Peru, Recommended",Peru Private Romance,,"≫ Experience Peru Private Romance: Lima, Machu Picchu y Cusco","Peru Private Romance es un viaje privado 4 estrellas superior para parejas que desean vivir Lima, el Valle Sagrado, Machu Picchu y Cusco",79,0,2012-01-06,2026-05-27,draft,,,,,,
Sacred Valley + Machu Picchu 2D,https://www.perugrandtravel.com/tour/sacred-valley-machu-picchu-2d/,sacred-valley-machu-picchu-2d,,Trekking,,Sacred Valley and Machu Picchu,,≫ Sacred Valley and Machu Picchu - Unforgettable Tour 2d,"Experience the magic, explore the Sacred Valley and Machu Picchu on a 2-day tour. Venture out and discover the beauty of the Andes",69,0,2024-08-28,2024-10-01,publish,,,,,,
The Lost Kingdoms Of Moche Route - Chiclayo and Trujillo 5 days,https://www.perugrandtravel.com/tour/moche-route-chiclayo-and-trujillo-5d/,moche-route-chiclayo-and-trujillo-5d,,,,moche route tour,,≫ The Moche Route tour: Chiclayo and Trujillo 5 days,"Immerse yourself in the Moche Route with a 5-day tour through Chiclayo and Trujillo, exploring fascinating archaeological ruins.",69,0,2012-01-01,2025-04-01,publish,,,,,,
Tour Sacred Valley of the Incas,https://www.perugrandtravel.com/tour/sacred-valley-of-the-incas-tour/,sacred-valley-of-the-incas-tour,,,,sacred valley tour,,Sacred Valley of the Incas Tour,"Dare to know the sacred valley of the incas, book here at the best price and service, include ✔️Transportacion, ✔️Guide, ✔️ Best experience.",67,0,2024-08-07,2024-10-01,publish,,,,,,
"Tour by Bike Maras, Moray and Salineras",https://www.perugrandtravel.com/tour/tour-by-bike-maras-moray-and-salineras/,tour-by-bike-maras-moray-and-salineras,Day Tours in Cusco,"Adrenaline, Traditional",Cusco,maras salt mines tour,,Maras & Moray Bike Tour from Cusco,"Ride through the Andes visiting Maras, Moray, and the Salt Mines on an exciting cycling adventure from Cusco.",62,0,2024-08-05,2026-06-04,publish,,,,,,
