slug_sheet,slug_web,titulo,estado_sheet,en_sitemap,en_web_json,migrar,categoria_wp,estilo_viaje,tags,precio_usd_web,quote_only,duracion,duracion_ok,dias_itinerario,itinerario_ok,includes_count,excludes_count,gsc_clics_16m,gsc_impresiones_16m,gsc_posicion,en_hub_packages,url_web
amazon-rainforest-4d,amazon-rainforest-4d,≫ Discover the Magic of the Amazon Rainforest (4 days),publish,yes,yes,yes,,,,0,yes,1s;animation-fill-mode:both;animation-delay:0s;animation-iteration-count:1;}		@keyframes center{from{transform:scale(0);}to{transform:scale(1);}}.ht_ctc_an_entry_center{animation: center .25s;},no,4,yes,5,8,3,661,77.67,no,/tour/amazon-rainforest-4d/
amazon-rainforest-express-3d,amazon-rainforest-express-3d,Amazon Rainforest Express 3 days – Peru Grand Travel,publish,yes,yes,yes,,,,0,yes,1s;animation-fill-mode:both;animation-delay:0s;animation-iteration-count:1;}		@keyframes center{from{transform:scale(0);}to{transform:scale(1);}}.ht_ctc_an_entry_center{animation: center .25s;},no,3,yes,4,8,,,,no,/tour/amazon-rainforest-express-3d/
andean-wedding-full-day,andean-wedding-full-day,Traditional Andean Wedding Ceremony in Chinchero,publish,yes,yes,yes,Day Tours in Cusco,Culture,Cusco,299,no,1 day,yes,1,yes,1,5,24,4112,28.37,yes,/tour/andean-wedding-full-day/
atv-rainbow-mountain,atv-rainbow-mountain,Rainbow Mountain ATV Adventure Full Day,publish,yes,yes,yes,Day Tours in Cusco,"Adrenaline, Adventure",Cusco,170,no,1 day,yes,0,no,1,1,7,5927,28.38,yes,/tour/atv-rainbow-mountain/
ausangate-7-lakes-day-trip,ausangate-7-lakes-day-trip,Ausangate 7 Lakes Full-Day Tour from Cusco,publish,yes,yes,yes,Day Tours in Cusco,"Adventure, Trekking",Cusco,90,no,1 day,yes,1,yes,1,1,6,3132,37.66,yes,/tour/ausangate-7-lakes-day-trip/
ballestas-huacachina-islands-full-day,ballestas-huacachina-islands-full-day,Ballestas & Huacachina Islands with sandboard & buggies-Full Day,publish,yes,yes,yes,,,,150,no,2D/1N,yes,1,yes,1,1,,,,no,/tour/ballestas-huacachina-islands-full-day/
challenge-of-the-incas-15d,challenge-of-the-incas-15d,Peru Travel Packages 2026 - Customized Tours & Machu Picchu,private,no,yes,yes,Tours in Peru,Combined Travel,"Peru, Recommended",0,yes,7D/6N,yes,0,no,8,8,3,397,29.05,no,/tour/challenge-of-the-incas-15d/
choquequirao-trek-5d,choquequirao-trek-5d,5-Day Choquequirao Trek from Cusco,publish,yes,yes,yes,Alternative Inca Trail Treks,Trekking,Others,620,no,1s;animation-fill-mode:both;animation-delay:0s;animation-iteration-count:1;}		@keyframes center{from{transform:scale(0);}to{transform:scale(1);}}.ht_ctc_an_entry_center{animation: center .25s;},no,5,yes,11,8,1,274,59.69,no,/tour/choquequirao-trek-5d/
city-tour-in-cusco,city-tour-in-cusco,▷ Cusco City Tour - 1 day tour,publish,yes,yes,yes,,,,60,no,2D/1N,yes,1,yes,1,1,2,294,65.31,no,/tour/city-tour-in-cusco/
classic-inca-trail-4d,classic-inca-trail-4d,4-Day Classic Inca Trail to Machu Picchu,publish,yes,yes,yes,Inca Trail Treks,Trekking,Inca Trail,780,no,1s;animation-fill-mode:both;animation-delay:0s;animation-iteration-count:1;}		@keyframes center{from{transform:scale(0);}to{transform:scale(1);}}.ht_ctc_an_entry_center{animation: center .25s;},no,4,yes,4,9,5,936,64.17,yes,/tour/classic-inca-trail-4d/
classic-inca-trail-7-days,classic-inca-trail-7-days,7-Day Classic Inca Trail to Machu Picchu with Transfers,publish,yes,yes,yes,Inca Trail Treks,Trekking,Inca Trail,879,no,1s;animation-fill-mode:both;animation-delay:0s;animation-iteration-count:1;}		@keyframes center{from{transform:scale(0);}to{transform:scale(1);}}.ht_ctc_an_entry_center{animation: center .25s;},no,7,yes,17,9,2,1357,47.54,yes,/tour/classic-inca-trail-7-days/
classic-machu-picchu-5d,classic-machu-picchu-5d,5-Day Classic Machu Picchu Itinerary with Cusco,publish,yes,yes,yes,"Best Selling Packages in Peru, Tours in Machu Picchu",Traditional,"Cusco Blog, Machu Picchu Tours, Popular Deals",730,no,5D/4N,yes,5,yes,6,7,0,2912,5.16,yes,/tour/classic-machu-picchu-5d/
colonial-lima-and-sacred-land-of-the-incas-7d,colonial-lima-and-sacred-land-of-the-incas-7d,"7-Day Peru Itinerary: Lima, Cusco & Machu Picchu Tour",publish,yes,yes,yes,"Best Selling Packages in Peru, Tours in Peru",Combined Travel,"Lima tours, Peru, Popular Deals",889,no,7D/6N,yes,7,yes,7,7,1,6263,17.45,yes,/tour/colonial-lima-and-sacred-land-of-the-incas-7d/
colonial-lima-huacachina-and-sacred-land-of-the-incas-9-days,colonial-lima-huacachina-and-sacred-land-of-the-incas-9-days,"9-Day Peru Itinerary with Lima, Huacachina & Cusco",publish,yes,yes,yes,Tours in Peru,Combined Travel,"Ica Tours, Peru, Recommended",1147,no,9D/8N,yes,9,yes,10,8,33,4564,25.25,yes,/tour/colonial-lima-huacachina-and-sacred-land-of-the-incas-9-days/
condor-canyon-cusco-full-day,condor-canyon-cusco-full-day,▷ The CONDOR CHONTA CANYON in Cusco Peru & Tour of 1 day,publish,yes,yes,yes,,,,0,yes,1s;animation-fill-mode:both;animation-delay:0s;animation-iteration-count:1;}		@keyframes center{from{transform:scale(0);}to{transform:scale(1);}}.ht_ctc_an_entry_center{animation: center .25s;},no,1,yes,5,23,19,1368,16.5,no,/tour/condor-canyon-cusco-full-day/
cusco-corpus-christi,cusco-corpus-christi,"4-Day Corpus Christi Festival in Cusco, Peru",publish,yes,yes,yes,,,Offers,0,yes,1 day,yes,0,no,11,7,1,1211,33.92,no,/tour/cusco-corpus-christi/
cusco-planetarium,cusco-planetarium,Cusco Planetarium Experience - Peru Grand Travel,publish,yes,yes,yes,,,,50,no,2D/1N,yes,1,yes,1,1,1,784,20.62,no,/tour/cusco-planetarium/
cusco-rafting-and-zipline,cusco-rafting-and-zipline,CUSCO RAFTING and Zipline adventure in Cusco Peru,publish,yes,yes,yes,,,,0,yes,1s;animation-fill-mode:both;animation-delay:0s;animation-iteration-count:1;}		@keyframes center{from{transform:scale(0);}to{transform:scale(1);}}.ht_ctc_an_entry_center{animation: center .25s;},no,1,yes,5,4,2,346,41.42,no,/tour/cusco-rafting-and-zipline/
dome-piuray-lagoon,dome-piuray-lagoon,▷ Dome on the Piuray Lagoon is Unforgettable Experience,publish,yes,yes,yes,,Culture,,0,yes,1 day,yes,2,yes,11,1,7,1539,10.47,no,/tour/dome-piuray-lagoon/
fascinating-adventure-challenge-in-the-andes-11-days,fascinating-adventure-challenge-in-the-andes-11-days,"11-Day Peru Itinerary with Lima, Paracas & Cusco",publish,yes,yes,yes,Tours in Peru,Combined Travel,Peru,1299,no,11D/10N,yes,10,yes,12,8,0,613,37.19,yes,/tour/fascinating-adventure-challenge-in-the-andes-11-days/
gastronomic-and-historic-peru-10d,gastronomic-and-historic-peru-10d,10-Day Peru Food & Culture Tour: Cusco & Lake Titicaca,publish,yes,yes,yes,Tours in Peru,Combined Travel,"Gastronomic, Peru, Recommended",1378,no,10D/9N,yes,10,yes,11,7,0,3300,8.15,yes,/tour/gastronomic-and-historic-peru-10d/
grand-deluxe-cusco-machu-picchu-by-belmond-5-days,grand-deluxe-cusco-machu-picchu-by-belmond-5-days,Private Machu Picchu Tour 5 Days with Belmond Luxury,publish,yes,yes,yes,,,Luxury Peru Tours,0,yes,2D/1N,yes,5,yes,6,7,3,427,25.33,no,/tour/grand-deluxe-cusco-machu-picchu-by-belmond-5-days/
grand-deluxe-cusco-machu-picchu-by-casa-andina-hotels-5-days,grand-deluxe-cusco-machu-picchu-by-casa-andina-hotels-5-days,Private Machu Picchu Tour 5 Days with Casa Andina Hotels,publish,yes,yes,yes,,,Luxury Peru Tours,1264,no,1s;animation-fill-mode:both;animation-delay:0s;animation-iteration-count:1;}		@keyframes center{from{transform:scale(0);}to{transform:scale(1);}}.ht_ctc_an_entry_center{animation: center .25s;},no,5,yes,6,7,1,735,37.6,no,/tour/grand-deluxe-cusco-machu-picchu-by-casa-andina-hotels-5-days/
grand-deluxe-cusco-machu-picchu-by-inkaterra-hotels-5-days,grand-deluxe-cusco-machu-picchu-by-inkaterra-hotels-5-days,Private Machu Picchu Tour 5 Days with Inkaterra,publish,yes,yes,yes,,,Luxury Peru Tours,1836,no,1s;animation-fill-mode:both;animation-delay:0s;animation-iteration-count:1;}		@keyframes center{from{transform:scale(0);}to{transform:scale(1);}}.ht_ctc_an_entry_center{animation: center .25s;},no,5,yes,6,7,1,215,38.62,no,/tour/grand-deluxe-cusco-machu-picchu-by-inkaterra-hotels-5-days/
grand-deluxe-cusco-machu-picchu-by-luxury-collection-hotels-5-days,grand-deluxe-cusco-machu-picchu-by-luxury-collection-hotels-5-days,Private Machu Picchu Tour 5 Days with Luxury Collection Hotels,publish,yes,yes,yes,,,Luxury Peru Tours,1852,no,1s;animation-fill-mode:both;animation-delay:0s;animation-iteration-count:1;}		@keyframes center{from{transform:scale(0);}to{transform:scale(1);}}.ht_ctc_an_entry_center{animation: center .25s;},no,5,yes,6,7,8,999,38.33,no,/tour/grand-deluxe-cusco-machu-picchu-by-luxury-collection-hotels-5-days/
hidden-treasures-huaraz-17d,hidden-treasures-huaraz-17d,"17-Day Peru Itinerary with Huaraz, Cusco & Machu Picchu",publish,yes,yes,yes,Tours in Peru,Combined Travel,"Arequipa Tours, Huaraz Tours, Peru, Recommended",3030,no,17D/16N,yes,17,yes,17,7,8,842,21.05,yes,/tour/hidden-treasures-huaraz-17d/
holy-week-in-cusco,holy-week-in-cusco,Cusco Holy Week 2026 with 6-Day Cultural Experience,publish,yes,yes,yes,,Events &amp; Festivals,Offers,0,yes,1 day,yes,0,no,8,7,0,357,38.09,no,/tour/holy-week-in-cusco/
humantay-lake-full-day,humantay-lake-full-day,Humantay Lake Full-Day Tour from Cusco,publish,yes,yes,yes,Day Tours in Cusco,Trekking,"Cusco, Others",90,no,"19px ;""  >",yes,1,yes,1,5,1,1107,67.81,yes,/tour/humantay-lake-full-day/
inca-encounters-8d,inca-encounters-8d,"8-Day Peru Itinerary with Cusco, Machu Picchu & Puno",publish,yes,yes,yes,Tours in Peru,Combined Travel,"Peru, Puno Blog, Puno Tours",1144,no,8D/7N,yes,8,yes,9,7,2,3455,8.58,yes,/tour/inca-encounters-8d/
inca-jungle-combined-7d,inca-jungle-combined-7d,Inca Jungle Combined 7 days – Peru Grand Travel,publish,yes,yes,yes,,Adventure,,0,yes,1s;animation-fill-mode:both;animation-delay:0s;animation-iteration-count:1;}		@keyframes center{from{transform:scale(0);}to{transform:scale(1);}}.ht_ctc_an_entry_center{animation: center .25s;},no,7,yes,14,10,0,306,53.08,no,/tour/inca-jungle-combined-7d/
inca-jungle-trek-4d,inca-jungle-trek-4d,4-Day Inca Jungle Trail to Machu Picchu,publish,yes,yes,yes,Alternative Inca Trail Treks,Adventure,,550,no,1s;animation-fill-mode:both;animation-delay:0s;animation-iteration-count:1;}		@keyframes center{from{transform:scale(0);}to{transform:scale(1);}}.ht_ctc_an_entry_center{animation: center .25s;},no,4,yes,13,10,0,666,68.62,no,/tour/inca-jungle-trek-4d/
incredible-experience-machu-picchu-7-days,incredible-experience-machu-picchu-7d,7-Day Machu Picchu Itinerary with Cusco & Sacred Valley,draft,yes,yes,yes,Tours in Machu Picchu,,Machu Picchu Tours,935,no,7D/6N,yes,7,yes,8,7,,,,yes,/tour/incredible-experience-machu-picchu-7d/
incredible-experience-machu-picchu-7d,incredible-experience-machu-picchu-7d,7-Day Machu Picchu Itinerary with Cusco & Sacred Valley,publish,yes,yes,yes,Tours in Machu Picchu,,Machu Picchu Tours,935,no,7D/6N,yes,7,yes,8,7,2,9169,15.07,yes,/tour/incredible-experience-machu-picchu-7d/
incredible-machu-picchu-2d,incredible-machu-picchu-2d,2-Day Sacred Valley & Machu Picchu Tour by Train,publish,yes,yes,yes,Tours in Machu Picchu,Traditional,Machu Picchu Tours,439,no,2D/1N,yes,2,yes,3,7,1,1329,45.54,yes,/tour/incredible-machu-picchu-2d/
inti-raymi-full-day,inti-raymi-full-day,Inti Raymi Festival Tour in Cusco 2026,publish,yes,yes,yes,,Events &amp; Festivals,Offers,350,no,4 days,yes,1,yes,1,4,3,317,29.37,no,/tour/inti-raymi-full-day/
lares-trek-4d,lares-trek-4d,4-Day Lares Trek to Machu Picchu,publish,yes,yes,yes,Alternative Inca Trail Treks,Trekking,Others,590,no,1s;animation-fill-mode:both;animation-delay:0s;animation-iteration-count:1;}		@keyframes center{from{transform:scale(0);}to{transform:scale(1);}}.ht_ctc_an_entry_center{animation: center .25s;},no,4,yes,16,8,2,553,66.22,yes,/tour/lares-trek-4d/
machu-picchu-challenge-8d,machu-picchu-challenge-8d,8-Day Machu Picchu Adventure Itinerary with Cusco,publish,yes,yes,yes,Tours in Machu Picchu,Traditional,"Machu Picchu Tours, Popular Deals",1009,no,8D/7N,yes,8,yes,9,7,1,589,10.13,yes,/tour/machu-picchu-challenge-8d/
machu-picchu-experience-picnic-with-llamas-7d,machu-picchu-experience-picnic-with-llamas-7d,7-Day Machu Picchu Itinerary with Andean Picnic Experience,publish,yes,yes,yes,Tours in Machu Picchu,Traditional,Recommended,982,no,7D/6N,yes,7,yes,8,8,7,1080,13.21,no,/tour/machu-picchu-experience-picnic-with-llamas-7d/
machu-picchu-express-3d,machu-picchu-express-3d,3-Day Machu Picchu Express Tour from Cusco,publish,yes,yes,yes,Tours in Machu Picchu,Traditional,Machu Picchu Tours,598,no,3D/2N,yes,3,yes,4,7,1,528,29.78,no,/tour/machu-picchu-express-3d/
machu-picchu-extreme-challenge,machu-picchu-extreme-challenge,8-Day Machu Picchu Extreme Challenge Itinerary,publish,yes,yes,yes,"Best Selling Packages in Peru, Tours in Machu Picchu",Adrenaline,Machu Picchu Tours,1083,no,8D/7N,yes,8,yes,16,30,1,54,11.57,no,/tour/machu-picchu-extreme-challenge/
machu-picchu-full-day,machu-picchu-full-day,1-Day Machu Picchu Tour from Cusco by Train,publish,yes,yes,yes,Tours in Machu Picchu,Traditional,Machu Picchu Tours,387,no,2D/1N,yes,1,yes,1,7,4,7000,30,yes,/tour/machu-picchu-full-day/
machu-picchu-humantay-lake-6d,machu-picchu-humantay-lake-6d,6-Day Machu Picchu Itinerary with Humantay Lake,publish,yes,yes,yes,Tours in Machu Picchu,Traditional,"Cusco Blog, Machu Picchu Tours, Recommended",819,no,6D/5N,yes,6,yes,7,7,3,1176,32.89,yes,/tour/machu-picchu-humantay-lake-6d/
machu-picchu-moderate-4d,machu-picchu-moderate-4d,4-Day Machu Picchu Itinerary with Cusco & Sacred Valley,publish,yes,yes,yes,Tours in Machu Picchu,Traditional,Machu Picchu Tours,612,no,4D/3N,yes,4,yes,5,7,1,1209,38.05,yes,/tour/machu-picchu-moderate-4d/
maras-moray-and-salineras-atv-tour,maras-moray-and-salineras-atv-tour,Maras & Moray ATV Tour Full Day from Cusco,publish,yes,yes,yes,Day Tours in Cusco,Adrenaline,Cusco,120,no,7 hours) – in a group,no,1,yes,1,8,3,413,27.13,yes,/tour/maras-moray-and-salineras-atv-tour/
maras-moray-and-the-salineras-full-day,maras-moray-and-the-salineras-full-day,"Maras, Moray & Salt Mines Tour from Cusco",publish,yes,yes,yes,Day Tours in Cusco,"Adrenaline, Traditional",Cusco,60,no,1 day,yes,0,no,1,8,1,2816,46.89,yes,/tour/maras-moray-and-the-salineras-full-day/
moche-route-chiclayo-and-trujillo-5d,moche-route-chiclayo-and-trujillo-5d,≫ The Moche Route tour: Chiclayo and Trujillo 5 days,publish,yes,yes,yes,,,,0,yes,7D/6N,yes,5,yes,6,7,,,,no,/tour/moche-route-chiclayo-and-trujillo-5d/
origins-and-mysteries-of-the-andes-16d,origins-and-mysteries-of-the-andes-16d,"16-Day Peru Itinerary with Lima, Nazca, Arequipa & Cusco",publish,yes,yes,yes,Tours in Peru,Combined Travel,"Arequipa Tours, Ica Tours, Peru",2775,no,16D/15N,yes,16,yes,17,7,2,2490,15.46,yes,/tour/origins-and-mysteries-of-the-andes-16d/
origins-of-the-incas-10d,origins-of-the-incas-10d,"10-Day Peru Itinerary with Lima, Nazca, Cusco & Puno",publish,yes,yes,yes,"Best Selling Packages in Peru, Tours in Peru",Combined Travel,"Gastronomic, Ica Tours, Lima tours, Peru, Popular Deals, Puno Blog",1593,no,10D/9N,yes,10,yes,11,7,0,1726,13.17,yes,/tour/origins-of-the-incas-10d/
palccoyo-rainbow-mountain-full-day,palccoyo-rainbow-mountain-full-day,Palccoyo Rainbow Mountain Full-Day Tour from Cusco,publish,yes,yes,yes,Day Tours in Cusco,Trekking,"Cusco, Others",90,no,1 day,yes,1,yes,1,7,3,1697,53.23,yes,/tour/palccoyo-rainbow-mountain-full-day/
peru-amazon-rainforest-9d,peru-amazon-rainforest-9d,9-Day Peru Itinerary: Cultural Amazon & Machu Picchu Tour,publish,yes,yes,yes,Tours in Peru,Combined Travel,Peru,0,yes,9D/8N,yes,9,yes,10,7,2,420,47.65,yes,/tour/peru-amazon-rainforest-9d/
peru-grand-deluxe-by-belmond-andean-explorer-10-days,peru-grand-deluxe-by-belmond-andean-explorer-10-days,10-Day Luxury Peru Tour with Belmond Andean Explorer,publish,yes,yes,yes,,,Luxury Peru Tours,0,yes,7D/6N,yes,10,yes,11,7,23,19333,45.14,no,/tour/peru-grand-deluxe-by-belmond-andean-explorer-10-days/
peru-grand-deluxe-lima-cusco-machu-picchu-7days,peru-grand-deluxe-lima-cusco-machu-picchu-7days,"7-Day Luxury Peru Tour with Lima, Cusco & Machu Picchu",publish,yes,yes,yes,,,Luxury Peru Tours,0,yes,7D/6N,yes,7,yes,7,7,6,4788,45.6,no,/tour/peru-grand-deluxe-lima-cusco-machu-picchu-7days/
peru-private-romance,peru-private-romance,Peru Private Romance,draft,no,no,no,,Combined Travel,"Ica Tours, Peru, Recommended",,yes,,,0,no,0,0,,,,no,
peru-private-romance-copy,peru-private-romance-copy,Peru Private Circle,draft,no,no,no,,Combined Travel,"Ica Tours, Peru, Recommended",,yes,,,0,no,0,0,,,,no,
qeswachaka-bridge-full-day,qeswachaka-bridge-full-day,Q’eswachaka Bridge Full-Day Tour from Cusco,publish,yes,yes,yes,Day Tours in Cusco,Culture,Cusco,90,no,1 day,yes,1,yes,1,4,1,1611,30.18,yes,/tour/qeswachaka-bridge-full-day/
rainbow-mountain-full-day,rainbow-mountain-full-day,Rainbow Mountain ATV Full-Day Tour from Cusco,publish,yes,yes,yes,Day Tours in Cusco,Trekking,"Cusco, Others",90,no,1 day,yes,1,yes,1,6,4,3008,49.94,yes,/tour/rainbow-mountain-full-day/
sacred-valley-machu-picchu-2d,sacred-valley-machu-picchu-2d,≫ Sacred Valley and Machu Picchu - Unforgettable Tour 2d,publish,yes,yes,yes,,Trekking,,0,yes,2D/1N,yes,2,yes,3,8,,,,no,/tour/sacred-valley-machu-picchu-2d/
sacred-valley-of-the-incas-tour,sacred-valley-of-the-incas-tour,Sacred Valley of the Incas Tour,publish,yes,yes,yes,,,,80,no,2D/1N,yes,1,yes,1,1,,,,no,/tour/sacred-valley-of-the-incas-tour/
sacred-valley-short-inca-trail-3d,sacred-valley-short-inca-trail-3d,3-Day Sacred Valley & Short Inca Trail Tour,publish,yes,yes,yes,Inca Trail Treks,Trekking,Inca Trail,620,no,,no,3,yes,3,8,1,1603,58.84,yes,/tour/sacred-valley-short-inca-trail-3d/
salkantay-trek-4-days,salkantay-trek-4-days,4-Day Salkantay Sky Camp Trek to Machu Picchu,publish,yes,yes,yes,Alternative Inca Trail Treks,Trekking,Salkantay Treks,699,no,1s;animation-fill-mode:both;animation-delay:0s;animation-iteration-count:1;}		@keyframes center{from{transform:scale(0);}to{transform:scale(1);}}.ht_ctc_an_entry_center{animation: center .25s;},no,4,yes,5,10,1,3259,51.46,yes,/tour/salkantay-trek-4-days/
short-inca-trail-2d,short-inca-trail-2d,2-Day Short Inca Trail to Machu Picchu,publish,yes,yes,yes,Inca Trail Treks,Trekking,Inca Trail,565,no,,no,2,yes,3,8,3,2508,74.68,yes,/tour/short-inca-trail-2d/
short-inca-trail-with-amazon-rainforest-8d,short-inca-trail-with-amazon-rainforest-8d,8-Day Peru Itinerary with Inca Trail & Amazon Jungle,publish,yes,yes,yes,Tours in Peru,Combined Travel,Peru,1775,no,8D/7N,yes,8,yes,16,30,9,1573,41.98,yes,/tour/short-inca-trail-with-amazon-rainforest-8d/
spectacular-cusco-7-days,spectacular-cusco-7-days,Cusco 7-Day Itinerary with Sacred Valley & Inca Heritage,publish,yes,yes,yes,,"Combined Travel, Traditional",Offers,886,no,1 day,yes,9,yes,8,7,1,556,24.91,no,/tour/spectacular-cusco-7-days/
spectacular-peru-10d,spectacular-peru-10d,"10-Day Peru Itinerary with Machu Picchu, Cusco & Puno",publish,yes,yes,yes,"Best Selling Packages in Peru, Tours in Peru",Combined Travel,"Lima Blog, Lima tours, Peru, Popular Deals, Puno Blog, Puno Tours",1303,no,10D/9N,yes,10,yes,11,7,2,14875,12.14,yes,/tour/spectacular-peru-10d/
super-sacred-valley-tour,super-sacred-valley-tour,Sacred Valley of the Incas Tour,publish,yes,yes,yes,,,,80,no,2D/1N,yes,1,yes,1,1,1,119,56.56,no,/tour/super-sacred-valley-tour/
the-classic-salkantay-trek-5d,the-classic-salkantay-trek-5d,5-Day Salkantay Sky Camp Trek to Machu Picchu,publish,yes,yes,yes,Alternative Inca Trail Treks,Trekking,Salkantay Treks,731,no,1s;animation-fill-mode:both;animation-delay:0s;animation-iteration-count:1;}		@keyframes center{from{transform:scale(0);}to{transform:scale(1);}}.ht_ctc_an_entry_center{animation: center .25s;},no,5,yes,6,10,1,1218,26.79,yes,/tour/the-classic-salkantay-trek-5d/
tour-by-bike-maras-moray-and-salineras,tour-by-bike-maras-moray-and-salineras,Maras & Moray Bike Tour from Cusco,publish,yes,yes,yes,Day Tours in Cusco,"Adrenaline, Traditional",Cusco,220,no,1 day,yes,1,yes,1,8,,,,yes,/tour/tour-by-bike-maras-moray-and-salineras/
tour-south-valley-cusco,tour-south-valley-cusco,South Valley in Cusco: Discover Hidden Gems,publish,yes,yes,yes,,,,60,no,2D/1N,yes,1,yes,1,1,1,374,50.01,no,/tour/tour-south-valley-cusco/
tour-waqrapukara-cusco,tour-waqrapukara-cusco,Tour Cusco - Waqrapukara - Cusco,publish,yes,yes,yes,,,,90,no,2D/1N,yes,1,yes,1,1,0,307,53.83,no,/tour/tour-waqrapukara-cusco/
trek-humantay-salkantay-2d,trek-humantay-salkantay-2d,2-Day Humantay Lake & Salkantay Pass Trek,publish,yes,yes,yes,Inca Trail Treks,Trekking,Salkantay Treks,350,no,1s;animation-fill-mode:both;animation-delay:0s;animation-iteration-count:1;}		@keyframes center{from{transform:scale(0);}to{transform:scale(1);}}.ht_ctc_an_entry_center{animation: center .25s;},no,2,yes,16,5,12,3008,41,yes,/tour/trek-humantay-salkantay-2d/
unforgettable-machu-picchu-8d,unforgettable-machu-picchu-8d,8-Day Machu Picchu Itinerary with Cusco & Sacred Valley,publish,yes,yes,yes,Tours in Machu Picchu,Traditional,"Cusco Blog, Machu Picchu Tours",982,no,8D/7N,yes,8,yes,9,7,4,1205,19.95,yes,/tour/unforgettable-machu-picchu-8d/
wonder-of-peru-coast-andes-and-rainforest-13d,wonder-of-peru-coast-andes-and-rainforest-13d,"13-Day Peru Itinerary with Coast, Andes & Amazon Adventure",publish,yes,yes,yes,Tours in Peru,Combined Travel,Peru,2159,no,13D/12N,yes,13,yes,14,7,1,316,34.67,yes,/tour/wonder-of-peru-coast-andes-and-rainforest-13d/
wonderful-peru-12-days,wonderful-peru-12-days,"12-Day Peru Tour: Machu Picchu, Puno & Arequipa",publish,yes,yes,yes,Tours in Peru,Combined Travel,Peru,1561,no,12D/11N,yes,12,yes,13,8,2,333,35.64,yes,/tour/wonderful-peru-12-days/
