tipo,prioridad,titulo,url_wp,slug,seo_title,meta,keyword,clics,impresiones,url_categoria_301,estado_drupal,notas
tour,P1,Salkantay SKY Trek 4 days,https://www.perugrandtravel.com/tour/salkantay-trek-4-days/,salkantay-trek-4-days,4-Day Salkantay Sky Camp Trek to Machu Picchu,Experience the Salkantay Trek to Machu Picchu in 4 days with Sky Camp lodging and spectacular mountain landscapes.,Salkantay Trek 4 days,1,"3,259",,pendiente,
tour,P1,"Tour of Maras, Moray & Salineras from Cusco",https://www.perugrandtravel.com/tour/maras-moray-and-the-salineras-full-day/,maras-moray-and-the-salineras-full-day,"Maras, Moray & Salt Mines Tour from Cusco",Visit the Moray terraces and Maras Salt Mines on a scenic cultural day tour departing from Cusco and surroundings.,maras salt mines tour,1,"2,816",,pendiente,
tour,P1,Inca Bridge of Q'eswachaka Full Day,https://www.perugrandtravel.com/tour/qeswachaka-bridge-full-day/,qeswachaka-bridge-full-day,Q’eswachaka Bridge Full-Day Tour from Cusco,Visit Peru’s last remaining Inca suspension bridge on a unique cultural day tour from Cusco and surrounding Sacred Valley area.,q'eswachaka rope bridge tour,1,"1,611",,pendiente,
tour,P1,Sacred Valley + Short Inca Trail 3 days,https://www.perugrandtravel.com/tour/sacred-valley-short-inca-trail-3d/,sacred-valley-short-inca-trail-3d,3-Day Sacred Valley & Short Inca Trail Tour,Combine Sacred Valley excursions with the Short Inca Trail on a complete Machu Picchu unforgettable adventure.,inca trail 3 days,1,"1,603",,pendiente,
tour,P0,Incredible Machu Picchu 2D/1N,https://www.perugrandtravel.com/tour/incredible-machu-picchu-2d/,incredible-machu-picchu-2d,2-Day Sacred Valley & Machu Picchu Tour by Train,Visit Sacred Valley and Machu Picchu on a 2-day trip featuring scenic train rides and cultural experiences.,machu picchu tour from cusco 2 days,1,"1,329",,pendiente,
tour,P0,Salkantay SKY Trek 5 days,https://www.perugrandtravel.com/tour/the-classic-salkantay-trek-5d/,the-classic-salkantay-trek-5d,5-Day Salkantay Sky Camp Trek to Machu Picchu,"Hike the Salkantay Trek to Machu Picchu in 5 days with Sky Camp accommodation, breathtaking scenery, and unforgettable adventure experiences.",salkantay trek 5 days,1,"1,218",,pendiente,
tour,P1,Corpus Christi in Cusco 4 days,https://www.perugrandtravel.com/tour/cusco-corpus-christi/,cusco-corpus-christi,"4-Day Corpus Christi Festival in Cusco, Peru","Join the Corpus Christi festival in Cusco, Peru, on a 4-day cultural tour with traditional processions and Andean heritage celebrations.",Corpus Christi in Cusco,1,"1,211",,pendiente,
tour,P1,Machu Picchu Moderate 4D/3N,https://www.perugrandtravel.com/tour/machu-picchu-moderate-4d/,machu-picchu-moderate-4d,4-Day Machu Picchu Itinerary with Cusco & Sacred Valley,"Explore Cusco, Sacred Valley, and Machu Picchu on a 4-day journey ideal for travelers seeking comfort, culture, and adventure.",Sacred Valley and Machu Picchu Tour,1,"1,209",,pendiente,
tour,P1,Humantay Lake Hike (Full Day),https://www.perugrandtravel.com/tour/humantay-lake-full-day/,humantay-lake-full-day,Humantay Lake Full-Day Tour from Cusco,Hike to the stunning Humantay Lake and experience one of the most beautiful natural landscapes near Cusco. Book Now.,humantay lake hike,1,"1,107",,pendiente,
tour,P1,Cusco Planetarium Experience,https://www.perugrandtravel.com/tour/cusco-planetarium/,cusco-planetarium,Cusco Planetarium Experience - Peru Grand Travel,"Book your excursion to the Cusco Planetarium. Learn more about Inca astronomy, how they used it for religion and agriculture.",Cusco Planetarium,1,784,,pendiente,
tour,P1,Grand Deluxe Cusco & Machu Picchu by Casa Andina hotels 5 days,https://www.perugrandtravel.com/tour/grand-deluxe-cusco-machu-picchu-by-casa-andina-hotels-5-days/,grand-deluxe-cusco-machu-picchu-by-casa-andina-hotels-5-days,Private Machu Picchu Tour 5 Days with Casa Andina Hotels,"Enjoy a 5-day private journey through Cusco, the Sacred Valley and Machu Picchu, staying at Casa Andina hotels with premium comfort.",Casa Andina hotels,1,735,,pendiente,
tour,P1,Machu Picchu Challenge 8D/7N,https://www.perugrandtravel.com/tour/machu-picchu-challenge-8d/,machu-picchu-challenge-8d,8-Day Machu Picchu Adventure Itinerary with Cusco,"Uncover Cusco, Andean trails, and Machu Picchu on an exciting 8-day adventure itinerary designed for active travelers.",machu picchu and rainbow mountain tour,1,589,,pendiente,
tour,P1,Spectacular Cusco 7 days,https://www.perugrandtravel.com/tour/spectacular-cusco-7-days/,spectacular-cusco-7-days,Cusco 7-Day Itinerary with Sacred Valley & Inca Heritage,"Experience Cusco in 7 days, the ancient capital of the Inca Empire, with visits to archaeological sites, cultural experiences, landscapes.",cusco tour,1,556,,pendiente,
tour,P1,Machu Picchu Express 3D/2N,https://www.perugrandtravel.com/tour/machu-picchu-express-3d/,machu-picchu-express-3d,3-Day Machu Picchu Express Tour from Cusco,"Perfect for those on limited time, this 3-day Machu Picchu tour includes the main Cusco highlights, train travel and guided visits.",machu picchu 3 days,1,528,,pendiente,
tour,P1,Tour South Valley,https://www.perugrandtravel.com/tour/tour-south-valley-cusco/,tour-south-valley-cusco,South Valley in Cusco: Discover Hidden Gems,"Explore Piquillacta, Tipón, and Andahuaylillas in the South Valley in Cusco. Dive into history and culture. Book your adventure now!",South Valley in cusco,1,374,,pendiente,
tour,P1,"Wonder of Peru Coast, Andes and Rainforest 13D/12N",https://www.perugrandtravel.com/tour/wonder-of-peru-coast-andes-and-rainforest-13d/,wonder-of-peru-coast-andes-and-rainforest-13d,"13-Day Peru Itinerary with Coast, Andes & Amazon Adventure","Discover Peru in 13 days from the coast to the Andes and the Amazon. Visit Lima, the Ballestas Islands, Huacachina dunes and Cusco.",peru itinerary 13 days,1,316,,pendiente,
tour,P0,Choquequirao Trek 5 days,https://www.perugrandtravel.com/tour/choquequirao-trek-5d/,choquequirao-trek-5d,5-Day Choquequirao Trek from Cusco,Trek to the hidden Inca citadel of Choquequirao through remote Andean landscapes and breathtaking mountain scenery.,choquequirao trek,1,274,,pendiente,
tour,P1,Grand Deluxe Cusco & Machu Picchu by Inkaterra Hotels 5 days,https://www.perugrandtravel.com/tour/grand-deluxe-cusco-machu-picchu-by-inkaterra-hotels-5-days/,grand-deluxe-cusco-machu-picchu-by-inkaterra-hotels-5-days,Private Machu Picchu Tour 5 Days with Inkaterra,"Experience a 5-day private luxury journey through Cusco, the Sacred Valley and Machu Picchu, staying at Inkaterra eco-luxury hotels.",Inkaterra Hotels,1,215,,pendiente,
blog,P1,What is the best time to travel to Peru - Machu Picchu?,https://www.perugrandtravel.com/blog/what-is-the-best-time-to-travel-to-peru-machu-picchu/,what-is-the-best-time-to-travel-to-peru-machu-picchu,,,best time to travel to peru,0,"10,711",https://www.perugrandtravel.com/blog/cusco/what-is-the-best-time-to-travel-to-peru-machu-picchu/,pendiente,
blog,P1,Is it Safe to Go to Peru?: Complete Guide for a Peaceful Trip,https://www.perugrandtravel.com/blog/is-it-safe-to-go-to-peru/,is-it-safe-to-go-to-peru,,,is it safe to go to peru,1,"9,102",https://www.perugrandtravel.com/blog/peru/is-it-safe-to-go-to-peru/,pendiente,
blog,P1,Climate in Peru: Discover the Best Time to Travel,https://www.perugrandtravel.com/blog/climate-in-peru-best-time-to-travel/,climate-in-peru-best-time-to-travel,,,climate in Peru,0,"6,674",https://www.perugrandtravel.com/blog/amazonia/climate-in-peru-best-time-to-travel/,pendiente,
blog,P0,Things to Do in Machu Picchu 2026: All The Experiences You Should Know About,https://www.perugrandtravel.com/blog/things-to-do-in-machu-picchu/,things-to-do-in-machu-picchu,,,Things to Do in Machu Picchu,1,"6,115",https://www.perugrandtravel.com/blog/cusco/things-to-do-in-machu-picchu/,pendiente,
blog,P1,What to visit in Peru one week itinerary,https://www.perugrandtravel.com/blog/visits-to-peru-one-week-itinerary/,visits-to-peru-one-week-itinerary,,,peru one week itinerary,0,"4,637",https://www.perugrandtravel.com/blog/cusco/visits-to-peru-one-week-itinerary/,pendiente,
blog,P1,2 Weeks in Peru: The Classic Itinerary for a Complete Experience,https://www.perugrandtravel.com/blog/2-weeks-in-peru/,2-weeks-in-peru,,,2 weeks in Peru,0,"4,233",https://www.perugrandtravel.com/blog/cusco/2-weeks-in-peru/,pendiente,
blog,P1,Luxury Peru Vacations: Top 3 Destinations to See,https://www.perugrandtravel.com/blog/luxury-peru-vacations/,luxury-peru-vacations,,,luxury peru vacations,0,"3,811",https://www.perugrandtravel.com/blog/luxury/luxury-peru-vacations/,pendiente,
blog,P1,The best beaches in Lima: Summer 2024,https://www.perugrandtravel.com/blog/beaches-in-lima/,beaches-in-lima,,,beaches,0,"3,345",https://www.perugrandtravel.com/blog/lima/beaches-in-lima/,pendiente,
blog,P1,Where is Machu Picchu? Quick Guide to Its Location,https://www.perugrandtravel.com/blog/where-is-machu-picchu-guide/,where-is-machu-picchu-guide,,,where is machu picchu,0,"3,122",https://www.perugrandtravel.com/blog/cusco/where-is-machu-picchu-guide/,pendiente,
blog,P1,Huayna Picchu: The Magical Mountain of the Incas,https://www.perugrandtravel.com/blog/huayna-picchu/,huayna-picchu,,,huayna picchu,1,"2,854",https://www.perugrandtravel.com/blog/cusco/huayna-picchu/,pendiente,
blog,P1,"Luxury Hotels in Cusco, Peru: Where Elevated Travel Meets Andean Legacy",https://www.perugrandtravel.com/blog/luxury-hotels-in-cusco/,luxury-hotels-in-cusco,,,Luxury Hotels in Cusco,1,"2,705",https://www.perugrandtravel.com/blog/cusco/luxury-hotels-in-cusco/,pendiente,
blog,P1,Museums in Machu Picchu: A Guide to the Hidden History of the Inca Citadel 2026,https://www.perugrandtravel.com/blog/museums-in-machu-picchu/,museums-in-machu-picchu,,,Museums in Machu Picchu,1,"2,494",https://www.perugrandtravel.com/blog/cusco/museums-in-machu-picchu/,pendiente,
blog,P1,Discover the Top 3 Hikes in Cusco: Mountain trekking adventures,https://www.perugrandtravel.com/blog/the-top-3-hikes-in-cusco/,the-top-3-hikes-in-cusco,,,Hikes in Cusco,1,"2,254",https://www.perugrandtravel.com/blog/cusco/the-top-3-hikes-in-cusco/,pendiente,
blog,P1,Museums in Cusco: The Complete Guide to Culture &amp; History  | 2026,https://www.perugrandtravel.com/blog/museums-in-cusco/,museums-in-cusco,,,Museums in Cusco,0,"1,811",https://www.perugrandtravel.com/blog/cusco/museums-in-cusco/,pendiente,
blog,P1,Tourist Attractions in Cusco You Shouldn't Miss,https://www.perugrandtravel.com/blog/cusco-tourist-places/,cusco-tourist-places,,,Cusco,0,"1,670",https://www.perugrandtravel.com/blog/cusco/cusco-tourist-places/,pendiente,
blog,P1,Peru honeymoon: discover 5 routes to enjoy in a couple,https://www.perugrandtravel.com/blog/peru-honeymoon/,peru-honeymoon,,,peru honeymoon,0,"1,589",https://www.perugrandtravel.com/blog/lima/peru-honeymoon/,pendiente,
blog,P1,Top 7 tourist attractions in Cusco not to be missed,https://www.perugrandtravel.com/blog/cusco-tourist-attractions/,cusco-tourist-attractions,,,attractions,0,"1,365",https://www.perugrandtravel.com/blog/cusco/cusco-tourist-attractions/,pendiente,
blog,P1,Traveling with Family: Tour Packages for Enjoying Peru and Machu Picchu with Kids,https://www.perugrandtravel.com/blog/tourist-packages-to-enjoy-with-children-for-a-trip-to-peru-machu-picchu/,tourist-packages-to-enjoy-with-children-for-a-trip-to-peru-machu-picchu,,,trip to peru machu picchu,0,"1,246",https://www.perugrandtravel.com/blog/peru/tourist-packages-to-enjoy-with-children-for-a-trip-to-peru-machu-picchu/,pendiente,
blog,P1,San Juan de Letrán Church in Puno: Local Faith and Cultural Identity,https://www.perugrandtravel.com/blog/san-juan-de-letran-church/,san-juan-de-letran-church,,,San Juan de Letrán Church,0,"1,239",https://www.perugrandtravel.com/blog/puno/san-juan-de-letran-church/,pendiente,
blog,P1,Best Things to Do in Cusco: Explore the Charm of the Inca Capital,https://www.perugrandtravel.com/blog/best-things-to-do-in-cusco/,best-things-to-do-in-cusco,,,best things to do in cusco,1,"1,205",https://www.perugrandtravel.com/blog/cusco/best-things-to-do-in-cusco/,pendiente,
blog,P2,7 Traditional Dances of Peru You Need to Experience in 2026: A Cultural Privilege,https://www.perugrandtravel.com/blog/traditional-dances-of-peru/,traditional-dances-of-peru,,,Traditional Dances of Peru,1,"1,137",https://www.perugrandtravel.com/blog/peru/traditional-dances-of-peru/,pendiente,
blog,P2,7 Interesting Facts About Machu Picchu You Probably Didn't Know,https://www.perugrandtravel.com/blog/interesting-facts-about-machu-picchu/,interesting-facts-about-machu-picchu,,,Facts About Machu Picchu,0,"1,127",https://www.perugrandtravel.com/blog/cusco/interesting-facts-about-machu-picchu/,pendiente,
blog,P2,When is the best time to do the Salkantay Trek?,https://www.perugrandtravel.com/blog/when-is-the-best-time-to-do-the-salkantay-trek/,when-is-the-best-time-to-do-the-salkantay-trek,,,Salkantay Trek,0,"1,022",https://www.perugrandtravel.com/blog/cusco/when-is-the-best-time-to-do-the-salkantay-trek/,pendiente,
blog,P2,Discover Ceviche and Peru in 10 Days: ¡Savor the Journey of a Lifetime!,https://www.perugrandtravel.com/blog/ceviche-peru-in-10-days/,ceviche-peru-in-10-days,,,Ceviche Peru,1,985,https://www.perugrandtravel.com/blog/peru/ceviche-peru-in-10-days/,pendiente,
blog,P2,Luxury Hotels in Peru: Where Elevated Travel Transforms the Way You Experience the Country,https://www.perugrandtravel.com/blog/luxury-hotels-in-peru/,luxury-hotels-in-peru,,,Luxury Hotels in Peru,0,984,https://www.perugrandtravel.com/blog/peru/luxury-hotels-in-peru/,pendiente,
blog,P2,What to See in Peru in 7 Days: The perfect itinerary for your short vacation,https://www.perugrandtravel.com/blog/7-days-in-peru/,7-days-in-peru,,,7 days In peru,0,978,https://www.perugrandtravel.com/blog/cusco/7-days-in-peru/,pendiente,
blog,P2,Discover The best day tours in Cusco,https://www.perugrandtravel.com/blog/day-tours-in-cusco/,day-tours-in-cusco,,,day tours in Cusco,0,962,https://www.perugrandtravel.com/blog/cusco/day-tours-in-cusco/,pendiente,
blog,P2,Declaration of Cultural Heritage of the Nation for the Pilgrimage to the Sanctuary of the Lord of Pampacucho,https://www.perugrandtravel.com/blog/sanctuary-of-the-lord-of-pampacucho/,sanctuary-of-the-lord-of-pampacucho,,,Lord of Pampacucho,0,950,https://www.perugrandtravel.com/blog/cusco/sanctuary-of-the-lord-of-pampacucho/,pendiente,
blog,P2,"Valentine’s Day Travel Ideas: Romantic Getaways, Experiences, and Easy Itineraries",https://www.perugrandtravel.com/blog/valentines-day-travel-ideas/,valentines-day-travel-ideas,,,Valentine’s Day Travel Ideas,1,877,https://www.perugrandtravel.com/blog/peru/valentines-day-travel-ideas/,pendiente,
blog,P2,The most beautiful treks to Machu Picchu,https://www.perugrandtravel.com/blog/treks-to-machu-picchu/,treks-to-machu-picchu,,,treks to Machu Picchu,0,845,https://www.perugrandtravel.com/blog/cusco/treks-to-machu-picchu/,pendiente,
blog,P2,"The Best Time of Year to Visit Peru: A Strategic Guide to Seasons, Culture, and Experience",https://www.perugrandtravel.com/blog/the-best-time-of-year-to-visit-peru/,the-best-time-of-year-to-visit-peru,,,The Best Time of Year to Visit Peru,1,828,https://www.perugrandtravel.com/blog/peru/the-best-time-of-year-to-visit-peru/,pendiente,
blog,P2,"Lima, Cusco, and Machu Picchu: Tour packages for a complete experience",https://www.perugrandtravel.com/blog/lima-cusco-and-machu-picchu/,lima-cusco-and-machu-picchu,,,Lima Cusco and Machu Picchu,0,805,https://www.perugrandtravel.com/blog/lima/lima-cusco-and-machu-picchu/,pendiente,
blog,P2,Nazca Lines Tours: Discover the Mysteries and Wonders,https://www.perugrandtravel.com/blog/nazca-lines-tours/,nazca-lines-tours,,,nazca lines tours,0,784,https://www.perugrandtravel.com/blog/nazca/nazca-lines-tours/,pendiente,
blog,P2,10 Amazing Places to Visit in Peru: A Perfect 15-Day Itinerary,https://www.perugrandtravel.com/blog/10-amazing-places-to-visit-in-peru/,10-amazing-places-to-visit-in-peru,,,Inca Route,1,766,https://www.perugrandtravel.com/blog/puno/10-amazing-places-to-visit-in-peru/,pendiente,
blog,P2,Peru Tours: The Ultimate Guide with 15 Luxury Experiences to Transform Your Journey in 2026,https://www.perugrandtravel.com/blog/peru-tours/,peru-tours,,,Peru Tours,1,738,https://www.perugrandtravel.com/blog/peru/peru-tours/,pendiente,
blog,P2,How to Plan a Trip to Machu Picchu?,https://www.perugrandtravel.com/blog/plan-a-trip-to-machu-picchu/,plan-a-trip-to-machu-picchu,,,Plan a Trip to Machu Picchu,0,733,https://www.perugrandtravel.com/blog/cusco/plan-a-trip-to-machu-picchu/,pendiente,
blog,P2,"Weather in Cusco: When to Visit, Temperatures, and Travel Tips",https://www.perugrandtravel.com/blog/weather-in-cusco/,weather-in-cusco,,,weather in Cusco,0,623,https://www.perugrandtravel.com/blog/cusco/weather-in-cusco/,pendiente,
blog,P2,10 Magical Family Packages to Lima: The Ultimate Guide to Peru’s Coastal Gem,https://www.perugrandtravel.com/blog/family-packages-to-lima/,family-packages-to-lima,,,Family Packages to Lima,1,605,https://www.perugrandtravel.com/blog/lima/family-packages-to-lima/,pendiente,
blog,P2,Luxury Travel Peru: Why the Best Luxury Holidays Peru Are All About The Experience,https://www.perugrandtravel.com/blog/luxury-travel-peru/,luxury-travel-peru,,,Luxury travel Peru,0,578,https://www.perugrandtravel.com/blog/peru/luxury-travel-peru/,pendiente,
blog,P2,Places to visit in Cusco for your next trip,https://www.perugrandtravel.com/blog/places-to-visit-in-cusco/,places-to-visit-in-cusco,,,Places to visit in Cusco,0,549,https://www.perugrandtravel.com/blog/cusco/places-to-visit-in-cusco/,pendiente,
blog,P2,Andean Art: 7 Dazzling Secrets of Peru's Cultural Soul,https://www.perugrandtravel.com/blog/andean-art/,andean-art,,,Andean Art,1,515,https://www.perugrandtravel.com/blog/peru/andean-art/,pendiente,
blog,P2,The Temple of The Merced in Puno: Discover the Colonial Jewel of the Altiplano,https://www.perugrandtravel.com/blog/temple-of-the-merced-in-puno/,temple-of-the-merced-in-puno,,,Temple of The Merced in Puno,1,513,https://www.perugrandtravel.com/blog/puno/temple-of-the-merced-in-puno/,pendiente,
blog,P2,10 tips for traveling to Peru and enjoying the perfect trip,https://www.perugrandtravel.com/blog/tips-for-traveling-to-peru/,tips-for-traveling-to-peru,,,tips for traveling to Peru,0,509,https://www.perugrandtravel.com/blog/lima/tips-for-traveling-to-peru/,pendiente,
blog,P2,Salkantay Mountain: Embark on an adventure in the Nevado de los Andes,https://www.perugrandtravel.com/blog/salkantay-mountain/,salkantay-mountain,,,salkantay mountain,0,445,https://www.perugrandtravel.com/blog/cusco/salkantay-mountain/,pendiente,
blog,P2,Family Trip to Peru: Discover the Best Tourist Places,https://www.perugrandtravel.com/blog/family-trip-to-peru/,family-trip-to-peru,,,trip to Peru,0,434,https://www.perugrandtravel.com/blog/cusco/family-trip-to-peru/,pendiente,
blog,P2,Cusco vs Sacred Valley: The Best Place to Acclimate in Peru,https://www.perugrandtravel.com/blog/cusco-vs-sacred-valley-altitude/,cusco-vs-sacred-valley-altitude,,,Cusco vs Sacred Valley,1,431,https://www.perugrandtravel.com/blog/cusco/cusco-vs-sacred-valley-altitude/,pendiente,
blog,P2,Travel Guide to Laguna Humantay: Discover a natural treasure in the peruvian andes,https://www.perugrandtravel.com/blog/travel-guide-laguna-humantay/,travel-guide-laguna-humantay,,,travel guide to humantay lagoon,0,406,https://www.perugrandtravel.com/blog/cusco/travel-guide-laguna-humantay/,pendiente,
blog,P2,7 Extraordinary Reasons to Celebrate Craftsman's Day in Peru: A Masterclass in Living Heritage,https://www.perugrandtravel.com/blog/craftsmans-day/,craftsmans-day,,,Craftsman's Day,0,371,https://www.perugrandtravel.com/blog/peru/craftsmans-day/,pendiente,
blog,P2,Peru in June 2026: 7 Secrets for the Ultimate Winter Escape,https://www.perugrandtravel.com/blog/peru-in-june/,peru-in-june,,,Peru in June,0,350,https://www.perugrandtravel.com/blog/peru/peru-in-june/,pendiente,
blog,P2,Why Travel to Peru in 2026? 7 Irresistible Reasons,https://www.perugrandtravel.com/blog/why-travel-to-peru/,why-travel-to-peru,,,Why Travel to Peru,0,336,https://www.perugrandtravel.com/blog/peru/why-travel-to-peru/,pendiente,
blog,P2,Find out how to have the best 4 days in Cusco,https://www.perugrandtravel.com/blog/find-out-how-to-have-the-best-4-days-in-cusco/,find-out-how-to-have-the-best-4-days-in-cusco,,,4 days in Cusco,0,324,https://www.perugrandtravel.com/blog/cusco/find-out-how-to-have-the-best-4-days-in-cusco/,pendiente,
blog,P2,Peru in May 2026: 7 Secrets of the Andes' Golden Month,https://www.perugrandtravel.com/blog/peru-in-may/,peru-in-may,,,Peru in May,1,313,https://www.perugrandtravel.com/blog/peru/peru-in-may/,pendiente,
blog,P2,7 Mystical Secrets of the Church of Saint Anthony of Padua: A Puno Masterpiece,https://www.perugrandtravel.com/blog/church-of-saint-anthony-of-padua/,church-of-saint-anthony-of-padua,,,Church of Saint Anthony of Padua,0,309,https://www.perugrandtravel.com/blog/puno/church-of-saint-anthony-of-padua/,pendiente,
blog,P2,"Family Tourism in Nazca, Paracas, and Ica: An Unforgettable Journey for All Ages",https://www.perugrandtravel.com/blog/family-tourism-in-nazca-paracas-ica/,family-tourism-in-nazca-paracas-ica,,,ica,0,307,https://www.perugrandtravel.com/blog/ica/family-tourism-in-nazca-paracas-ica/,pendiente,
blog,P2,Discover the natural wonders: Humantay Lagoon vs Rainbow Mountain,https://www.perugrandtravel.com/blog/humantay-lagoon-rainbow-mountain/,humantay-lagoon-rainbow-mountain,,,Humantay Lagoon vs Rainbow Mountain,0,296,https://www.perugrandtravel.com/blog/cusco/humantay-lagoon-rainbow-mountain/,pendiente,
blog,P2,ATV Tours Peru 2026: The Ultimate Guide to Off-Roading the Andes and the Pacific Coast,https://www.perugrandtravel.com/blog/atv-tours-peru/,atv-tours-peru,,,ATV Tours Peru,0,266,https://www.perugrandtravel.com/blog/peru/atv-tours-peru/,pendiente,
blog,P2,7 Powerful Benefits of Llama Therapy: The Mystical Healing You Can Only Find in the Andes,https://www.perugrandtravel.com/blog/llama-therapy-in-peru/,llama-therapy-in-peru,,,Llama Therapy,0,264,https://www.perugrandtravel.com/blog/peru/llama-therapy-in-peru/,pendiente,
blog,P2,Discover Peru’s Best Luxury Travel Experiences,https://www.perugrandtravel.com/blog/luxury-travel-experiences/,luxury-travel-experiences,,,luxury travel experiences,1,263,https://www.perugrandtravel.com/blog/luxury/luxury-travel-experiences/,pendiente,
blog,P2,The 15 Best Things to Do in the Sacred Valley,https://www.perugrandtravel.com/blog/things-to-do-in-the-sacred-valley/,things-to-do-in-the-sacred-valley,,,Best Things to Do In The Sacred Valley,1,251,https://www.perugrandtravel.com/blog/cusco/things-to-do-in-the-sacred-valley/,pendiente,
blog,P2,Inca Trail vs. Salkantay: Which is the more spectacular trekking route?,https://www.perugrandtravel.com/blog/inca-trail-vs-salkantay/,inca-trail-vs-salkantay,,,inca trail,0,248,https://www.perugrandtravel.com/blog/cusco/inca-trail-vs-salkantay/,pendiente,
blog,P2,10 Fascinating Museums in Lima: The Sophisticated Traveler’s Cultural Oasis,https://www.perugrandtravel.com/blog/best-museums-in-lima/,best-museums-in-lima,,,Museums in Lima,1,238,https://www.perugrandtravel.com/blog/lima/best-museums-in-lima/,pendiente,
blog,P2,Food in Cusco: The Sophisticated Guide to the 15 Flavors of the Inca Empire,https://www.perugrandtravel.com/blog/food-in-cusco/,food-in-cusco,,,food in cusco,0,237,https://www.perugrandtravel.com/blog/cusco/food-in-cusco/,pendiente,
blog,P2,Lake Humantay Tour 2026: The Ultimate Guide to Cusco’s Turquoise Jewel,https://www.perugrandtravel.com/blog/lake-humantay/,lake-humantay,,,Lake Humantay,0,232,https://www.perugrandtravel.com/blog/cusco/lake-humantay/,pendiente,
blog,P2,"Trips Adventure for Holy Week in Peru 2026: Treks, Nature &amp; Spirit",https://www.perugrandtravel.com/blog/trips-adventure-for-holy-week/,trips-adventure-for-holy-week,,,Trips Adventure for Holy Week,1,217,https://www.perugrandtravel.com/blog/peru/trips-adventure-for-holy-week/,pendiente,
blog,P2,What to Visit on the Inca Adventure Route: An 8-day journey through the andean highlands,https://www.perugrandtravel.com/blog/what-to-visit-on-the-inca-adventure-route-in-8-days/,what-to-visit-on-the-inca-adventure-route-in-8-days,,,Inca Adventure,0,213,https://www.perugrandtravel.com/blog/cusco/what-to-visit-on-the-inca-adventure-route-in-8-days/,pendiente,
blog,P2,Family Packages to Cusco: The Perfect Adventure for Everyone,https://www.perugrandtravel.com/blog/family-packages-to-cusco/,family-packages-to-cusco,,,family packages to cusco,0,211,https://www.perugrandtravel.com/blog/cusco/family-packages-to-cusco/,pendiente,
blog,P2,7 Magical Experiences for a Travel for Day Mom to Peru: The Ultimate Luxury Tribute,https://www.perugrandtravel.com/blog/travel-for-day-mom-to-peru/,travel-for-day-mom-to-peru,,,Travel for Day Mom to Peru,1,208,https://www.perugrandtravel.com/blog/peru/travel-for-day-mom-to-peru/,pendiente,
blog,P2,Vinicunca Elevation: 5 Secrets to Conquer the Rainbow Mountain Without Losing Your Breath,https://www.perugrandtravel.com/blog/vinicunca-elevation/,vinicunca-elevation,,,Vinicunca Elevation,1,198,https://www.perugrandtravel.com/blog/cusco/vinicunca-elevation/,pendiente,
blog,P2,Vacation to Machu Picchu: Discover the Best Here!,https://www.perugrandtravel.com/blog/vacation-to-machu-picchu/,vacation-to-machu-picchu,,,vacation to machu picchu,0,192,https://www.perugrandtravel.com/blog/cusco/vacation-to-machu-picchu/,pendiente,
blog,P2,BTC - Cusco Tourist Ticket: Everything You Need to Know,https://www.perugrandtravel.com/blog/cusco-tourist-ticket/,cusco-tourist-ticket,,,Cusco Tourist Ticket,0,189,https://www.perugrandtravel.com/blog/cusco/cusco-tourist-ticket/,pendiente,
blog,P2,"Top 20 best things to do in Cusco, Peru",https://www.perugrandtravel.com/blog/things-to-do-in-cusco/,things-to-do-in-cusco,,,things to do in Cusco,0,186,https://www.perugrandtravel.com/blog/cusco/things-to-do-in-cusco/,pendiente,
blog,P2,Huayna Picchu vs. Machu Picchu Mountain: which one to choose and why it changes the way you see Machu Picchu,https://www.perugrandtravel.com/blog/huayna-picchu-vs-machu-picchu-mountain/,huayna-picchu-vs-machu-picchu-mountain,,,Huayna Picchu vs. Machu Picchu Mountain,0,173,https://www.perugrandtravel.com/blog/cusco/huayna-picchu-vs-machu-picchu-mountain/,pendiente,
blog,P2,Hotel in Downtown Cusco: How to Choose the Right Stay in the Historic Heart of the Andes,https://www.perugrandtravel.com/blog/hotel-in-downtown-cusco/,hotel-in-downtown-cusco,,,Hotel in Downtown Cusco,0,161,https://www.perugrandtravel.com/blog/cusco/hotel-in-downtown-cusco/,pendiente,
blog,P2,7 Travel Planning Tips for Machu Picchu 2026: The Ultimate Guide for a Flawless Adventure,https://www.perugrandtravel.com/blog/travel-planning-tips-for-machu-picchu/,travel-planning-tips-for-machu-picchu,,,Travel Planning Tips for Machu Picchu,0,160,https://www.perugrandtravel.com/blog/cusco/travel-planning-tips-for-machu-picchu/,pendiente,
blog,P2,ATV Tours in Cusco 2026: The Art of Combining Adrenaline and Sacred Landscapes,https://www.perugrandtravel.com/blog/atv-tours-in-cusco/,atv-tours-in-cusco,,,ATV Tours in Cusco,1,159,https://www.perugrandtravel.com/blog/cusco/atv-tours-in-cusco/,pendiente,
blog,P2,10 Incredible Discoveries About Things to Do in Ollantaytambo: The Ultimate Guide to the Living Inca City,https://www.perugrandtravel.com/blog/things-to-do-in-ollantaytambo/,things-to-do-in-ollantaytambo,,,Things to Do in Ollantaytambo,1,157,https://www.perugrandtravel.com/blog/cusco/things-to-do-in-ollantaytambo/,pendiente,
blog,P2,Live the Adventure at Machu Picchu and Humantay Lake on a 6-Day Unforgettable Discovery,https://www.perugrandtravel.com/blog/adventure-at-machu-picchu-humantay-lake-on-a-6-day/,adventure-at-machu-picchu-humantay-lake-on-a-6-day,,,Machu Picchu Humantay Lake,0,149,https://www.perugrandtravel.com/blog/cusco/adventure-at-machu-picchu-humantay-lake-on-a-6-day/,pendiente,
blog,P2,"What to visit in Cusco in 2 Days: Quick, Complete Guide",https://www.perugrandtravel.com/blog/what-to-visit-in-cusco/,what-to-visit-in-cusco,,,what to visit in Cusco,1,117,https://www.perugrandtravel.com/blog/cusco/what-to-visit-in-cusco/,pendiente,
blog,P2,Inca Trail Sold Out? 5 Epic Alternatives When Permits Are Gone,https://www.perugrandtravel.com/blog/inca-trail-sold-out/,inca-trail-sold-out,,,Inca Trail Sold Out,1,81,https://www.perugrandtravel.com/blog/cusco/inca-trail-sold-out/,pendiente,
blog,P2,7 Breathtaking Secrets of the Terraces of Moray: The Incan Agricultural Masterpiece,https://www.perugrandtravel.com/blog/terraces-of-moray/,terraces-of-moray,,,Terraces of Moray,1,64,https://www.perugrandtravel.com/blog/cusco/terraces-of-moray/,pendiente,
blog,P2,The Hidden Gems of the Sacred Valley,https://www.perugrandtravel.com/blog/hidden-gems-of-the-sacred-valley/,hidden-gems-of-the-sacred-valley,,,hidden gems of the Sacred Valley,1,46,https://www.perugrandtravel.com/blog/cusco/hidden-gems-of-the-sacred-valley/,pendiente,
blog,P2,Inca Trail vs Sacred Valley Treks: Which Peru Hike Is Right for You?,https://www.perugrandtravel.com/blog/inca-trail-vs-sacred-valley-treks/,inca-trail-vs-sacred-valley-treks,,,Inca Trail vs Sacred Valley Treks,1,42,https://www.perugrandtravel.com/blog/cusco/inca-trail-vs-sacred-valley-treks/,pendiente,
blog,P2,Humantay Lake Hike: Everything You Need to Know About This Epic Day Hike for 2026,https://www.perugrandtravel.com/blog/humantay-lake-hike-2026/,humantay-lake-hike-2026,,,Humantay Lake hike,1,18,https://www.perugrandtravel.com/blog/cusco/humantay-lake-hike-2026/,pendiente,
blog,P2,Adventure in Ica: Buggy & Nazca Lines,https://www.perugrandtravel.com/blog/adventure-in-ica/,adventure-in-ica,,,ica,,,https://www.perugrandtravel.com/blog/ica/adventure-in-ica/,pendiente,
blog,P2,Discover Peruvian Pisco from Ica: The Spirit of an Ancestral Tradition,https://www.perugrandtravel.com/blog/peruvian-pisco-from-ica/,peruvian-pisco-from-ica,,,peruvian pisco,,,https://www.perugrandtravel.com/blog/ica/peruvian-pisco-from-ica/,pendiente,
blog,P2,Hidden Places in Cusco: Discover the secret spots of the inca capital,https://www.perugrandtravel.com/blog/hidden-places-in-cusco/,hidden-places-in-cusco,,,hidden places in cusco,,,https://www.perugrandtravel.com/blog/cusco/hidden-places-in-cusco/,pendiente,
blog,P2,Traveling to Machu Picchu with Tour Packages: Unique routes and experiences,https://www.perugrandtravel.com/blog/traveling-to-machu-picchu-with-tour-packages/,traveling-to-machu-picchu-with-tour-packages,,,Traveling to Machu Picchu,,,https://www.perugrandtravel.com/blog/cusco/traveling-to-machu-picchu-with-tour-packages/,pendiente,
blog,P2,Where to Buy Peruvian Pisco: A Local Guide,https://www.perugrandtravel.com/blog/where-to-buy-peruvian-pisco-2027/,where-to-buy-peruvian-pisco-2027,,,Where to Buy Peruvian Pisco,,,https://www.perugrandtravel.com/blog/peru/where-to-buy-peruvian-pisco-2027/,pendiente,
blog,P2,Adventure Trip for Moms in Peru: A Step-by-Step Guide to Living a Meaningful Experience Together,https://www.perugrandtravel.com/blog/adventure-trip-for-moms/,adventure-trip-for-moms,,,Adventure Trip for Moms,,,https://www.perugrandtravel.com/blog/peru/adventure-trip-for-moms/,pendiente,
blog,P2,Is There Snow in Peru? Does It Snow at Machu Picchu? All You Need to Know For Snow in the Andes in 2027,https://www.perugrandtravel.com/blog/is-there-snow-in-peru/,is-there-snow-in-peru,,,Is there snow in Peru,,,https://www.perugrandtravel.com/blog/peru/is-there-snow-in-peru/,pendiente,
blog,P2,7 Royal Secrets about Peru Lima Packages that will Transform Your Trip in 2026,https://www.perugrandtravel.com/blog/peru-lima-packages/,peru-lima-packages,,,Peru Lima Packages,,,https://www.perugrandtravel.com/blog/peru/peru-lima-packages/,pendiente,
blog,P2,Discover the Ayacucho Museum in Peru: A Cultural Journey Through History and Identity,https://www.perugrandtravel.com/blog/ayacucho-museum/,ayacucho-museum,,,Ayacucho Museum,,,https://www.perugrandtravel.com/blog/peru/ayacucho-museum/,pendiente,
blog,P2,Maras and Moray 2026: The 7 Secrets of the White Salt and the Green Inca Circles,https://www.perugrandtravel.com/blog/maras-and-moray/,maras-and-moray,,,Maras and Moray,,,https://www.perugrandtravel.com/blog/cusco/maras-and-moray/,pendiente,
blog,P2,"Ausangate Snow: A Real Guide to Understanding, Trekking, and Experiencing Peru’s Most Sacred Mountain",https://www.perugrandtravel.com/blog/ausangate-snow/,ausangate-snow,,,Ausangate Snow,,,https://www.perugrandtravel.com/blog/cusco/ausangate-snow/,pendiente,
blog,P2,7 Mistakes to Avoid on a Trip to Machu Picchu: How to Ensure a Perfect Journey,https://www.perugrandtravel.com/blog/mistakes-to-avoid-on-a-trip-to-machu-picchu/,mistakes-to-avoid-on-a-trip-to-machu-picchu,,,Mistakes to Avoid on a Trip to Machu Picchu,,,https://www.perugrandtravel.com/blog/cusco/mistakes-to-avoid-on-a-trip-to-machu-picchu/,pendiente,
blog,P2,What is the best Machu Picchu itinerary?,https://www.perugrandtravel.com/blog/machu-picchu-itinerary/,machu-picchu-itinerary,,,Machu Picchu itinerary,,,https://www.perugrandtravel.com/blog/cusco/machu-picchu-itinerary/,pendiente,
blog,P2,Discover Unique Local Experiences in the Sacred Valley,https://www.perugrandtravel.com/blog/local-experiences-in-the-sacred-valley/,local-experiences-in-the-sacred-valley,,,Local Experiences in the Sacred Valley,,,https://www.perugrandtravel.com/blog/cusco/local-experiences-in-the-sacred-valley/,pendiente,
blog,P2,Is Peru Safe? 10 Essential Truths for an Unforgettable and Secure 2026 Journey,https://www.perugrandtravel.com/blog/is-peru-safe/,is-peru-safe,,,Is Peru Safe,,,https://www.perugrandtravel.com/blog/peru/is-peru-safe/,pendiente,
blog,P2,"7 Mystical Experiences on the Day of the Pachamama: Rituals, Magic, and Connection in the Peruvian Andes",https://www.perugrandtravel.com/blog/day-of-the-pachamama/,day-of-the-pachamama,,,Day of the Pachamama,,,https://www.perugrandtravel.com/blog/peru/day-of-the-pachamama/,pendiente,
blog,P2,7 Soulful Secrets Behind the Sacred Art of the Chinchero Communities,https://www.perugrandtravel.com/blog/art-of-the-chinchero-communities/,art-of-the-chinchero-communities,,,art of the Chinchero communities,,,https://www.perugrandtravel.com/blog/cusco/art-of-the-chinchero-communities/,pendiente,
blog,P2,7 Fascinating Secrets of Alpaca Wool Processing in the High Andes,https://www.perugrandtravel.com/blog/alpaca-wool-processing/,alpaca-wool-processing,,,alpaca wool processing,,,https://www.perugrandtravel.com/blog/cusco/alpaca-wool-processing/,pendiente,
blog,P2,5 Secrets of the Q'eswachaka Bridge: Crossing the Last Inca Bridge,https://www.perugrandtravel.com/blog/qeswachaka-bridge/,qeswachaka-bridge,,,Q'eswachaka bridge,,,https://www.perugrandtravel.com/blog/cusco/qeswachaka-bridge/,pendiente,
blog,P2,7 Forgotten Wonders of the Inca Quarries of Cachiccata: The Ultimate Luxury Trekking Guide,https://www.perugrandtravel.com/blog/inca-quarries-of-cachiccata/,inca-quarries-of-cachiccata,,,Cachiccata,,,https://www.perugrandtravel.com/blog/cusco/inca-quarries-of-cachiccata/,pendiente,
blog,P2,Why Visit The Peruvian Amazon?,https://www.perugrandtravel.com/blog/peruvian-amazon/,peruvian-amazon,,,peruvian amazon,,,https://www.perugrandtravel.com/blog/amazonia/peruvian-amazon/,pendiente,
blog,P2,Cusco Hidden Gems to Visit in 2026,https://www.perugrandtravel.com/blog/cusco-hidden-gems-2026/,cusco-hidden-gems-2026,,,Cusco hidden gems,,,https://www.perugrandtravel.com/blog/cusco/cusco-hidden-gems-2026/,pendiente,
blog,P2,Our Ultimate Cusco Travel Guide,https://www.perugrandtravel.com/blog/the-ultimate-guide-to-cusco/,the-ultimate-guide-to-cusco,,,Ultimate Guide to Cusco,,,https://www.perugrandtravel.com/blog/cusco/the-ultimate-guide-to-cusco/,pendiente,
blog,P2,7 Secrets of Corpus Christi in Cusco: The Ultimate Andean Celebration,https://www.perugrandtravel.com/blog/corpus-christi/,corpus-christi,,,Corpus Christi,,,https://www.perugrandtravel.com/blog/cusco/corpus-christi/,pendiente,
blog,P2,The Best Day Hikes from Cusco,https://www.perugrandtravel.com/blog/the-best-day-hikes-from-cusco/,the-best-day-hikes-from-cusco,,,best day hikes from Cusco,,,https://www.perugrandtravel.com/blog/cusco/the-best-day-hikes-from-cusco/,pendiente,
blog,P2,Our Ultimate Guide to The Magical Sacred Valley Peru!,https://www.perugrandtravel.com/blog/guide-to-the-sacred-valley-peru/,guide-to-the-sacred-valley-peru,,,Sacred Valley Peru,,,https://www.perugrandtravel.com/blog/cusco/guide-to-the-sacred-valley-peru/,pendiente,
blog,P2,Our Ultimate Guide To The Best Restaurants In Sacred Valley,https://www.perugrandtravel.com/blog/the-best-restaurants-in-sacred-valley/,the-best-restaurants-in-sacred-valley,,,The best restaurants in Sacred Valley,,,https://www.perugrandtravel.com/blog/cusco/the-best-restaurants-in-sacred-valley/,pendiente,
blog,P2,Vinicunca Rainbow Mountain – What to Expect and Awesome Top Tips,https://www.perugrandtravel.com/blog/vinicunca-rainbow-mountain/,vinicunca-rainbow-mountain,,,Vinicunca Rainbow Mountain,,,https://www.perugrandtravel.com/blog/cusco/vinicunca-rainbow-mountain/,pendiente,
blog,P2,Palcoyo Rainbow Mountain: Our Ultimate Guide For 2026,https://www.perugrandtravel.com/blog/palcoyo-rainbow-mountain/,palcoyo-rainbow-mountain,,,Palcoyo Rainbow Mountain,,,https://www.perugrandtravel.com/blog/cusco/palcoyo-rainbow-mountain/,pendiente,
blog,P2,Peru Travel Agency: How to Choose an Awesome  Agency For Your Trip,https://www.perugrandtravel.com/blog/choosing-a-peru-travel-agency/,choosing-a-peru-travel-agency,,,Peru TRavel Agency,,,https://www.perugrandtravel.com/blog/peru/choosing-a-peru-travel-agency/,pendiente,
blog,P2,Our Best Peru Travel Packages for 2026 and Beyond!,https://www.perugrandtravel.com/blog/peru-travel-packages-for-2026/,peru-travel-packages-for-2026,,,Peru Travel Packages,,,https://www.perugrandtravel.com/blog/peru/peru-travel-packages-for-2026/,pendiente,
blog,P2,Mega Machu Picchu Travel Packages for 2026 and Beyond,https://www.perugrandtravel.com/blog/machu-picchu-travel-packages/,machu-picchu-travel-packages,,,Machu Picchu Travel Packages,,,https://www.perugrandtravel.com/blog/cusco/machu-picchu-travel-packages/,pendiente,
